ISO-10303-21;
HEADER;
FILE_DESCRIPTION (( 'STEP AP203' ),
    '1' );
FILE_NAME ('MEGR 2156.STEP',
    '2026-09-01T13:14:04',
    ( '' ),
    ( '' ),
    'SwSTEP 2.0',
    'SolidWorks 2025',
    '' );
FILE_SCHEMA (( 'CONFIG_CONTROL_DESIGN' ));
ENDSEC;

DATA;
#1 = VECTOR ( 'NONE', #3296, 39.37007874015748143 ) ;
#2 = EDGE_LOOP ( 'NONE', ( #201, #2226, #3406, #1872 ) ) ;
#3 = EDGE_CURVE ( 'NONE', #2903, #2617, #1975, .T. ) ;
#4 = ORIENTED_EDGE ( 'NONE', *, *, #2635, .F. ) ;
#5 = DIRECTION ( 'NONE',  ( 0.000000000000000000, 0.000000000000000000, 1.000000000000000000 ) ) ;
#6 = PERSON_AND_ORGANIZATION_ROLE ( 'classification_officer' ) ;
#7 = ORIENTED_EDGE ( 'NONE', *, *, #2909, .T. ) ;
#8 = DATE_AND_TIME ( #2580, #1372 ) ;
#9 = VECTOR ( 'NONE', #3419, 39.37007874015748143 ) ;
#10 = CARTESIAN_POINT ( 'NONE',  ( -0.05905511811023622659, -0.4921259842519686289, 14.19685039370078883 ) ) ;
#11 = CARTESIAN_POINT ( 'NONE',  ( 0.1968503937007873850, 0.4921259842519686289, 14.19685039370078883 ) ) ;
#12 = CARTESIAN_POINT ( 'NONE',  ( -0.05905511811023622659, 0.4921259842519686289, 18.50393700787402906 ) ) ;
#13 = CARTESIAN_POINT ( 'NONE',  ( 0.05905511811023622659, -1.024442997624098658E-15, 0.5905511811023627100 ) ) ;
#14 = DIRECTION ( 'NONE',  ( -1.000000000000000000, -1.387778780781445676E-16, -0.000000000000000000 ) ) ;
#15 = VERTEX_POINT ( 'NONE', #554 ) ;
#16 = EDGE_CURVE ( 'NONE', #2159, #15, #1407, .T. ) ;
#17 = CIRCLE ( 'NONE', #3067, 0.1427165354330704461 ) ;
#18 = DIRECTION ( 'NONE',  ( -1.000000000000000000, -0.000000000000000000, -0.000000000000000000 ) ) ;
#19 = EDGE_LOOP ( 'NONE', ( #2727, #2224, #2563, #2575 ) ) ;
#20 = CARTESIAN_POINT ( 'NONE',  ( -0.05905511811023622659, -0.4921259842519686289, 0.000000000000000000 ) ) ;
#21 = DATE_AND_TIME ( #3443, #1003 ) ;
#22 = ORIENTED_EDGE ( 'NONE', *, *, #3, .T. ) ;
#23 =( REPRESENTATION_RELATIONSHIP ('NONE','NONE', #65, #86 ) REPRESENTATION_RELATIONSHIP_WITH_TRANSFORMATION ( #1552 )SHAPE_REPRESENTATION_RELATIONSHIP( ) );
#24 = DATE_AND_TIME ( #825, #3463 ) ;
#25 = DIRECTION ( 'NONE',  ( 0.000000000000000000, 0.000000000000000000, 1.000000000000000000 ) ) ;
#26 = DIRECTION ( 'NONE',  ( -1.000000000000000000, -0.000000000000000000, -0.000000000000000000 ) ) ;
#27 = LINE ( 'NONE', #3448, #2928 ) ;
#28 = CARTESIAN_POINT ( 'NONE',  ( 0.05905511811023622659, -0.4921259842519686289, 1.181102362204712319 ) ) ;
#29 = DIRECTION ( 'NONE',  ( 0.000000000000000000, 0.000000000000000000, 1.000000000000000000 ) ) ;
#30 = CARTESIAN_POINT ( 'NONE',  ( 0.1968503937007873850, -6.654842635857148254E-16, 0.4478346456692918753 ) ) ;
#31 = EDGE_CURVE ( 'NONE', #1005, #2802, #307, .T. ) ;
#32 = CC_DESIGN_SECURITY_CLASSIFICATION ( #1161, ( #1646 ) ) ;
#33 = DIRECTION ( 'NONE',  ( 0.04160273755208934721, 0.9991342313363966721, 0.000000000000000000 ) ) ;
#34 = APPROVAL ( #2229, 'UNSPECIFIED' ) ;
#35 = ORIENTED_EDGE ( 'NONE', *, *, #1033, .F. ) ;
#36 = CARTESIAN_POINT ( 'NONE',  ( 0.05905511811023622659, -1.024442997624098658E-15, 0.5905511811023627100 ) ) ;
#37 = ORIENTED_EDGE ( 'NONE', *, *, #1139, .T. ) ;
#38 = SECURITY_CLASSIFICATION_LEVEL ( 'unclassified' ) ;
#39 = LINE ( 'NONE', #2046, #1446 ) ;
#40 = DIRECTION ( 'NONE',  ( -0.000000000000000000, -0.000000000000000000, -1.000000000000000000 ) ) ;
#41 = ORIENTED_EDGE ( 'NONE', *, *, #2798, .F. ) ;
#42 = LINE ( 'NONE', #82, #2487 ) ;
#43 = APPLICATION_CONTEXT ( 'configuration controlled 3d designs of mechanical parts and assemblies' ) ;
#44 = SECURITY_CLASSIFICATION ( '', '', #1086 ) ;
#45 = EDGE_CURVE ( 'NONE', #2960, #3425, #1108, .T. ) ;
#46 = CARTESIAN_POINT ( 'NONE',  ( -0.1968503937007874405, -0.4921259842519684624, 16.10236220472440749 ) ) ;
#47 = ORIENTED_EDGE ( 'NONE', *, *, #1195, .T. ) ;
#48 = ADVANCED_FACE ( 'NONE', ( #287 ), #1158, .F. ) ;
#49 = EDGE_CURVE ( 'NONE', #1698, #2160, #27, .T. ) ;
#50 = CARTESIAN_POINT ( 'NONE',  ( -0.1968503937007874405, 0.4921259842519686289, 0.000000000000000000 ) ) ;
#51 = DIRECTION ( 'NONE',  ( -1.000000000000000000, -0.000000000000000000, -0.000000000000000000 ) ) ;
#52 = APPROVAL_PERSON_ORGANIZATION ( #3220, #875, #3201 ) ;
#53 = ORIENTED_EDGE ( 'NONE', *, *, #3023, .T. ) ;
#54 = FACE_BOUND ( 'NONE', #3541, .T. ) ;
#55 = SECURITY_CLASSIFICATION ( '', '', #1479 ) ;
#56 = ORIENTED_EDGE ( 'NONE', *, *, #3572, .T. ) ;
#57 = CALENDAR_DATE ( 2026, 1, 9 ) ;
#58 = CC_DESIGN_PERSON_AND_ORGANIZATION_ASSIGNMENT ( #2518, #594, ( #463 ) ) ;
#59 = AXIS2_PLACEMENT_3D ( 'NONE', #125, #159, #1737 ) ;
#60 = PLANE ( 'NONE',  #3122 ) ;
#61 = CARTESIAN_POINT ( 'NONE',  ( 0.05905511811023622659, 0.000000000000000000, 15.51181102362204633 ) ) ;
#62 = EDGE_LOOP ( 'NONE', ( #293, #1411 ) ) ;
#63 = CARTESIAN_POINT ( 'NONE',  ( 0.05905511811023622659, -0.4921259842519686289, 1.181102362204712319 ) ) ;
#64 = AXIS2_PLACEMENT_3D ( 'NONE', #445, #3049, #685 ) ;
#65 = SHAPE_REPRESENTATION ( 'MEGR 2156', ( #2550, #3328, #338, #1412, #3685, #3387, #2127, #1164, #2849, #2908, #1113, #2249, #399 ), #461 ) ;
#66 = FACE_OUTER_BOUND ( 'NONE', #134, .T. ) ;
#67 = ORIENTED_EDGE ( 'NONE', *, *, #2608, .T. ) ;
#68 = DIRECTION ( 'NONE',  ( 1.000000000000000000, 0.000000000000000000, 0.000000000000000000 ) ) ;
#69 = CC_DESIGN_PERSON_AND_ORGANIZATION_ASSIGNMENT ( #193, #454, ( #2879 ) ) ;
#70 = UNCERTAINTY_MEASURE_WITH_UNIT (LENGTH_MEASURE( 1.000000000000000082E-05 ), #2823, 'distance_accuracy_value', 'NONE');
#71 = VERTEX_POINT ( 'NONE', #534 ) ;
#72 = PLANE ( 'NONE',  #879 ) ;
#73 = CARTESIAN_POINT ( 'NONE',  ( 42.02351176204914651, 23.18876494044758374, 50.36159994310779098 ) ) ;
#74 = VECTOR ( 'NONE', #1817, 39.37007874015748143 ) ;
#75 = DIRECTION ( 'NONE',  ( -0.000000000000000000, -0.000000000000000000, 1.000000000000000000 ) ) ;
#76 = PERSON_AND_ORGANIZATION_ROLE ( 'classification_officer' ) ;
#77 = EDGE_LOOP ( 'NONE', ( #3567, #2218, #154, #2022 ) ) ;
#78 = MECHANICAL_CONTEXT ( 'NONE', #424, 'mechanical' ) ;
#79 = LINE ( 'NONE', #690, #963 ) ;
#80 = CARTESIAN_POINT ( 'NONE',  ( 0.08858267716535431213, 0.4921259842519686289, 22.44094488188977721 ) ) ;
#81 = EDGE_LOOP ( 'NONE', ( #67, #3009, #3013, #3556 ) ) ;
#82 = CARTESIAN_POINT ( 'NONE',  ( -0.1968503937007874405, 0.4921259842519686289, 1.181102362204724310 ) ) ;
#83 = CARTESIAN_POINT ( 'NONE',  ( 0.000000000000000000, 0.000000000000000000, 14.19685039370078883 ) ) ;
#84 = DIRECTION ( 'NONE',  ( 0.000000000000000000, 0.000000000000000000, -1.000000000000000000 ) ) ;
#85 = FACE_OUTER_BOUND ( 'NONE', #2048, .T. ) ;
#86 = SHAPE_REPRESENTATION ( 'LBC and LAD', ( #220 ), #1893 ) ;
#87 = DIRECTION ( 'NONE',  ( 0.000000000000000000, 1.000000000000000000, 0.000000000000000000 ) ) ;
#88 = ORIENTED_EDGE ( 'NONE', *, *, #2912, .F. ) ;
#89 = DIRECTION ( 'NONE',  ( 0.000000000000000000, 0.000000000000000000, 1.000000000000000000 ) ) ;
#90 = AXIS2_PLACEMENT_3D ( 'NONE', #1789, #938, #625 ) ;
#91 =( NAMED_UNIT ( * ) PLANE_ANGLE_UNIT ( ) SI_UNIT ( $, .RADIAN. ) );
#92 = ADVANCED_FACE ( 'NONE', ( #1674 ), #2848, .F. ) ;
#93 = CARTESIAN_POINT ( 'NONE',  ( -0.05905511811023622659, -0.4921259842519686289, 1.181102362204712319 ) ) ;
#94 = CALENDAR_DATE ( 2026, 1, 9 ) ;
#95 = EDGE_CURVE ( 'NONE', #1573, #550, #2859, .T. ) ;
#96 = EDGE_LOOP ( 'NONE', ( #1215, #3295 ) ) ;
#97 = APPROVAL_DATE_TIME ( #632, #1820 ) ;
#98 = CARTESIAN_POINT ( 'NONE',  ( -0.05905511811023622659, -0.4921259842519686289, 1.181102362204712319 ) ) ;
#99 = FACE_OUTER_BOUND ( 'NONE', #458, .T. ) ;
#100 = ORIENTED_EDGE ( 'NONE', *, *, #3420, .T. ) ;
#101 = CARTESIAN_POINT ( 'NONE',  ( -0.05905511811023622659, -0.4921259842519686289, 1.181102362204712319 ) ) ;
#102 = CARTESIAN_POINT ( 'NONE',  ( -0.1968503937007874405, -0.4921259842519684624, 0.000000000000000000 ) ) ;
#103 = EDGE_CURVE ( 'NONE', #1900, #2167, #252, .T. ) ;
#104 = CARTESIAN_POINT ( 'NONE',  ( -0.08858267716535432601, 0.1427165354330697800, 23.03149606299213303 ) ) ;
#105 = CIRCLE ( 'NONE', #868, 0.1427165354330708624 ) ;
#106 = CC_DESIGN_APPROVAL ( #2712, ( #3690 ) ) ;
#107 = PRODUCT_RELATED_PRODUCT_CATEGORY ( 'detail', '', ( #1358 ) ) ;
#108 = CARTESIAN_POINT ( 'NONE',  ( 0.1968503937007873850, -0.4921259842519684624, 0.000000000000000000 ) ) ;
#109 = FACE_BOUND ( 'NONE', #1766, .T. ) ;
#110 = AXIS2_PLACEMENT_3D ( 'NONE', #1323, #199, #3025 ) ;
#111 = CARTESIAN_POINT ( 'NONE',  ( 27.28301077035708389, 34.40636460152298781, 50.13931509818816323 ) ) ;
#112 = AXIS2_PLACEMENT_3D ( 'NONE', #1709, #290, #2299 ) ;
#113 = FACE_BOUND ( 'NONE', #1403, .T. ) ;
#114 = DATE_TIME_ROLE ( 'classification_date' ) ;
#115 = PERSON_AND_ORGANIZATION ( #2338, #2784 ) ;
#116 = APPROVAL_PERSON_ORGANIZATION ( #2657, #1705, #3256 ) ;
#117 = PERSON ( 'NAUO-PER11', 'UNSPECIFIED', 'UNSPECIFIED', ('UNSPECIFIED'), ('UNSPECIFIED'), ('UNSPECIFIED') ) ;
#118 = CARTESIAN_POINT ( 'NONE',  ( 0.05905511811023622659, 8.878505979408855953E-16, 13.60629921259842590 ) ) ;
#119 = ORIENTED_EDGE ( 'NONE', *, *, #2635, .T. ) ;
#120 = DIRECTION ( 'NONE',  ( -0.000000000000000000, -0.000000000000000000, 1.000000000000000000 ) ) ;
#121 = LOCAL_TIME ( 9, 14, 3.000000000000000000, #3144 ) ;
#122 = DIRECTION ( 'NONE',  ( 0.000000000000000000, 1.000000000000000000, 0.000000000000000000 ) ) ;
#123 = AXIS2_PLACEMENT_3D ( 'NONE', #2796, #236, #1381 ) ;
#124 = CIRCLE ( 'NONE', #1074, 0.1427165354330708624 ) ;
#125 = CARTESIAN_POINT ( 'NONE',  ( 0.000000000000000000, 0.000000000000000000, 19.68503937007874072 ) ) ;
#126 = CARTESIAN_POINT ( 'NONE',  ( -0.1968503937007875793, -0.4921259842519684624, 1.181102362204724310 ) ) ;
#127 = AXIS2_PLACEMENT_3D ( 'NONE', #1406, #286, #1176 ) ;
#128 = CARTESIAN_POINT ( 'NONE',  ( 0.1968503937007873850, 9.053283327712363773E-16, 13.46358267716535551 ) ) ;
#129 = LINE ( 'NONE', #2708, #2687 ) ;
#130 = EDGE_CURVE ( 'NONE', #3502, #932, #583, .T. ) ;
#131 = DATE_AND_TIME ( #2442, #1775 ) ;
#132 = DIRECTION ( 'NONE',  ( -0.000000000000000000, -0.000000000000000000, -1.000000000000000000 ) ) ;
#133 = PRODUCT_DEFINITION_SHAPE ( 'NONE', 'NONE',  #3698 ) ;
#134 = EDGE_LOOP ( 'NONE', ( #1301, #1653, #1146, #2052, #1441, #2329, #1324, #2171, #602, #925, #434, #3333 ) ) ;
#135 = LINE ( 'NONE', #2979, #137 ) ;
#136 = ORIENTED_EDGE ( 'NONE', *, *, #1644, .T. ) ;
#137 = VECTOR ( 'NONE', #2696, 39.37007874015748143 ) ;
#138 = CARTESIAN_POINT ( 'NONE',  ( 0.1968503937007873850, -1.024442997624098658E-15, 0.5905511811023627100 ) ) ;
#139 = VECTOR ( 'NONE', #3063, 39.37007874015748143 ) ;
#140 = CARTESIAN_POINT ( 'NONE',  ( 0.000000000000000000, 0.000000000000000000, 16.10236220472440749 ) ) ;
#141 = CARTESIAN_POINT ( 'NONE',  ( -0.08858267716535438152, 0.4921259842519686289, 22.44094488188977721 ) ) ;
#142 = LINE ( 'NONE', #1277, #742 ) ;
#143 = PLANE ( 'NONE',  #2506 ) ;
#144 = LINE ( 'NONE', #1261, #1073 ) ;
#145 = EDGE_CURVE ( 'NONE', #3021, #1556, #2246, .T. ) ;
#146 = APPROVAL_DATE_TIME ( #446, #2556 ) ;
#147 = EDGE_CURVE ( 'NONE', #2507, #1521, #3417, .T. ) ;
#148 = EDGE_CURVE ( 'NONE', #808, #2159, #1461, .T. ) ;
#149 = CARTESIAN_POINT ( 'NONE',  ( 0.1968503937007873850, 8.878505979408855953E-16, 13.74901574803149629 ) ) ;
#150 = SECURITY_CLASSIFICATION_LEVEL ( 'unclassified' ) ;
#151 = DIRECTION ( 'NONE',  ( -1.196361017915039486E-16, 1.000000000000000000, 0.000000000000000000 ) ) ;
#152 = EDGE_LOOP ( 'NONE', ( #3086, #1798, #783, #412 ) ) ;
#153 = CC_DESIGN_PERSON_AND_ORGANIZATION_ASSIGNMENT ( #2659, #3539, ( #1730 ) ) ;
#154 = ORIENTED_EDGE ( 'NONE', *, *, #3368, .T. ) ;
#155 = DIRECTION ( 'NONE',  ( 0.000000000000000000, 0.000000000000000000, 1.000000000000000000 ) ) ;
#156 = EDGE_LOOP ( 'NONE', ( #780, #2743 ) ) ;
#157 = PERSON_AND_ORGANIZATION ( #2338, #2784 ) ;
#158 = PLANE ( 'NONE',  #311 ) ;
#159 = DIRECTION ( 'NONE',  ( 0.000000000000000000, 0.000000000000000000, -1.000000000000000000 ) ) ;
#160 = ORIENTED_EDGE ( 'NONE', *, *, #976, .F. ) ;
#161 = EDGE_CURVE ( 'NONE', #1743, #720, #2890, .T. ) ;
#162 = VECTOR ( 'NONE', #1647, 39.37007874015748143 ) ;
#163 = DIRECTION ( 'NONE',  ( -0.000000000000000000, -0.000000000000000000, -1.000000000000000000 ) ) ;
#164 = AXIS2_PLACEMENT_3D ( 'NONE', #2671, #2071, #3179 ) ;
#165 = EDGE_CURVE ( 'NONE', #3143, #796, #42, .T. ) ;
#166 = DIRECTION ( 'NONE',  ( -1.214306433183764966E-16, 1.000000000000000000, -0.000000000000000000 ) ) ;
#167 = EDGE_CURVE ( 'NONE', #3113, #2821, #1803, .T. ) ;
#168 = VERTEX_POINT ( 'NONE', #2351 ) ;
#169 = COORDINATED_UNIVERSAL_TIME_OFFSET ( 5, 0, .BEHIND. ) ;
#170 = CONTEXT_DEPENDENT_SHAPE_REPRESENTATION ( #237, #3005 ) ;
#171 = LINE ( 'NONE', #2166, #2187 ) ;
#172 = ORIENTED_EDGE ( 'NONE', *, *, #3107, .F. ) ;
#173 = FACE_BOUND ( 'NONE', #96, .T. ) ;
#174 = CC_DESIGN_PERSON_AND_ORGANIZATION_ASSIGNMENT ( #1928, #3350, ( #928 ) ) ;
#175 = ORIENTED_EDGE ( 'NONE', *, *, #1642, .T. ) ;
#176 = APPROVAL_STATUS ( 'not_yet_approved' ) ;
#177 = DIRECTION ( 'NONE',  ( 1.000000000000000000, 0.000000000000000000, -0.000000000000000000 ) ) ;
#178 = CC_DESIGN_APPROVAL ( #3195, ( #3229 ) ) ;
#179 = DIRECTION ( 'NONE',  ( 0.000000000000000000, 0.000000000000000000, -1.000000000000000000 ) ) ;
#180 = VERTEX_POINT ( 'NONE', #3208 ) ;
#181 = FACE_OUTER_BOUND ( 'NONE', #1834, .T. ) ;
#182 = EDGE_CURVE ( 'NONE', #1944, #589, #1220, .T. ) ;
#183 = LINE ( 'NONE', #1618, #3471 ) ;
#184 = CIRCLE ( 'NONE', #1676, 0.1427165354330708624 ) ;
#185 = EDGE_LOOP ( 'NONE', ( #631, #2315, #1939, #2066 ) ) ;
#186 = AXIS2_PLACEMENT_3D ( 'NONE', #1054, #1382, #1110 ) ;
#187 = PERSON_AND_ORGANIZATION_ROLE ( 'design_owner' ) ;
#188 = CALENDAR_DATE ( 2026, 1, 9 ) ;
#189 = CARTESIAN_POINT ( 'NONE',  ( 0.1968503937007873850, -0.4921259842519684624, 16.10236220472440749 ) ) ;
#190 = VERTEX_POINT ( 'NONE', #639 ) ;
#191 = CARTESIAN_POINT ( 'NONE',  ( -0.1968503937007875793, -0.4921259842519684624, 1.181102362204724310 ) ) ;
#192 = ORIENTED_EDGE ( 'NONE', *, *, #2463, .T. ) ;
#193 = PERSON_AND_ORGANIZATION ( #2338, #2784 ) ;
#194 = CIRCLE ( 'NONE', #1568, 0.1427165354330696967 ) ;
#195 = PLANE ( 'NONE',  #763 ) ;
#196 = CARTESIAN_POINT ( 'NONE',  ( -0.05905511811023620578, -6.654842635857148254E-16, 0.4478346456692918753 ) ) ;
#197 = ORIENTED_EDGE ( 'NONE', *, *, #1145, .T. ) ;
#198 = CARTESIAN_POINT ( 'NONE',  ( 0.05905511811023622659, -0.4921259842519686289, 0.000000000000000000 ) ) ;
#199 = DIRECTION ( 'NONE',  ( 0.000000000000000000, -1.000000000000000000, 0.000000000000000000 ) ) ;
#200 = ORIENTED_EDGE ( 'NONE', *, *, #3370, .F. ) ;
#201 = ORIENTED_EDGE ( 'NONE', *, *, #147, .F. ) ;
#202 = PERSON_AND_ORGANIZATION_ROLE ( 'classification_officer' ) ;
#203 = CARTESIAN_POINT ( 'NONE',  ( 0.1968503937007873850, -1.024442997624098658E-15, 0.5905511811023627100 ) ) ;
#204 = EDGE_CURVE ( 'NONE', #1045, #1230, #2904, .T. ) ;
#205 = ORIENTED_EDGE ( 'NONE', *, *, #16, .F. ) ;
#206 = PLANE ( 'NONE',  #814 ) ;
#207 = ADVANCED_FACE ( 'NONE', ( #933 ), #2049, .F. ) ;
#208 = VERTEX_POINT ( 'NONE', #1507 ) ;
#209 = MECHANICAL_CONTEXT ( 'NONE', #2455, 'mechanical' ) ;
#210 = DIRECTION ( 'NONE',  ( -1.000000000000000000, 0.000000000000000000, 0.000000000000000000 ) ) ;
#211 = LINE ( 'NONE', #2489, #2524 ) ;
#212 = ORIENTED_EDGE ( 'NONE', *, *, #2413, .T. ) ;
#213 = LOCAL_TIME ( 9, 14, 3.000000000000000000, #2214 ) ;
#214 = ADVANCED_FACE ( 'NONE', ( #343, #2067 ), #622, .F. ) ;
#215 = CARTESIAN_POINT ( 'NONE',  ( -0.1968503937007874405, 0.4921259842519686289, 23.62204724409448886 ) ) ;
#216 = LINE ( 'NONE', #520, #9 ) ;
#217 = PRODUCT_RELATED_PRODUCT_CATEGORY ( 'detail', '', ( #1566 ) ) ;
#218 = EDGE_LOOP ( 'NONE', ( #1272, #3335 ) ) ;
#219 = ORIENTED_EDGE ( 'NONE', *, *, #2344, .T. ) ;
#220 = AXIS2_PLACEMENT_3D ( 'NONE', #2404, #3554, #984 ) ;
#221 = CIRCLE ( 'NONE', #1533, 0.1427165354330704461 ) ;
#222 = PERSON_AND_ORGANIZATION ( #1222, #1413 ) ;
#223 = LOCAL_TIME ( 9, 14, 3.000000000000000000, #2000 ) ;
#224 = CC_DESIGN_PERSON_AND_ORGANIZATION_ASSIGNMENT ( #504, #1641, ( #455 ) ) ;
#225 = ORIENTED_EDGE ( 'NONE', *, *, #1100, .F. ) ;
#226 = CARTESIAN_POINT ( 'NONE',  ( 0.1968503937007873850, 0.000000000000000000, 15.65452755905511673 ) ) ;
#227 = ORIENTED_EDGE ( 'NONE', *, *, #1313, .T. ) ;
#228 = AXIS2_PLACEMENT_3D ( 'NONE', #946, #2096, #3537 ) ;
#229 = CALENDAR_DATE ( 2026, 1, 9 ) ;
#230 = LINE ( 'NONE', #604, #494 ) ;
#231 = DIRECTION ( 'NONE',  ( -1.000000000000000000, -0.000000000000000000, -0.000000000000000000 ) ) ;
#232 = ORIENTED_EDGE ( 'NONE', *, *, #819, .F. ) ;
#233 = AXIS2_PLACEMENT_3D ( 'NONE', #28, #1126, #881 ) ;
#234 = VERTEX_POINT ( 'NONE', #2646 ) ;
#235 = LOCAL_TIME ( 9, 14, 3.000000000000000000, #1229 ) ;
#236 = DIRECTION ( 'NONE',  ( -1.000000000000000000, 0.000000000000000000, 0.000000000000000000 ) ) ;
#237 =( REPRESENTATION_RELATIONSHIP ('NONE','NONE', #65, #2237 ) REPRESENTATION_RELATIONSHIP_WITH_TRANSFORMATION ( #3274 )SHAPE_REPRESENTATION_RELATIONSHIP( ) );
#238 = DIRECTION ( 'NONE',  ( 0.000000000000000000, 0.000000000000000000, -1.000000000000000000 ) ) ;
#239 = CC_DESIGN_APPROVAL ( #3145, ( #3345 ) ) ;
#240 = ORIENTED_EDGE ( 'NONE', *, *, #571, .F. ) ;
#241 = VECTOR ( 'NONE', #1149, 39.37007874015748143 ) ;
#242 = SECURITY_CLASSIFICATION_LEVEL ( 'unclassified' ) ;
#243 = CIRCLE ( 'NONE', #2386, 0.1427165354330704461 ) ;
#244 = LENGTH_MEASURE_WITH_UNIT ( LENGTH_MEASURE( 0.02539999999999999897 ), #3123 );
#245 = ORIENTED_EDGE ( 'NONE', *, *, #2038, .T. ) ;
#246 = DIRECTION ( 'NONE',  ( -0.000000000000000000, -0.000000000000000000, -1.000000000000000000 ) ) ;
#247 = DATE_AND_TIME ( #3111, #1182 ) ;
#248 = EDGE_LOOP ( 'NONE', ( #1875, #2490, #3686, #2238 ) ) ;
#249 = DATE_AND_TIME ( #3445, #2207 ) ;
#250 = DIRECTION ( 'NONE',  ( -1.000000000000000000, 0.000000000000000000, 0.000000000000000000 ) ) ;
#251 = CARTESIAN_POINT ( 'NONE',  ( -0.05905511811023622659, 0.4921259842519686289, 1.181102362204712319 ) ) ;
#252 = LINE ( 'NONE', #12, #540 ) ;
#253 = CARTESIAN_POINT ( 'NONE',  ( 0.1968503937007873850, 1.229331597148918547E-15, 19.09448818897637778 ) ) ;
#254 = CARTESIAN_POINT ( 'NONE',  ( -0.1968503937007874405, 8.878505979408855953E-16, 13.60629921259842590 ) ) ;
#255 = EDGE_CURVE ( 'NONE', #547, #3510, #1216, .T. ) ;
#256 = PRODUCT ( 'LCD', 'LCD', '', ( #1604 ) ) ;
#257 = ORIENTED_EDGE ( 'NONE', *, *, #2162, .F. ) ;
#258 = AXIS2_PLACEMENT_3D ( 'NONE', #2511, #3359, #3660 ) ;
#259 = EDGE_CURVE ( 'NONE', #273, #3027, #847, .T. ) ;
#260 = ADVANCED_FACE ( 'NONE', ( #3488 ), #363, .F. ) ;
#261 = ORIENTED_EDGE ( 'NONE', *, *, #2145, .F. ) ;
#262 = ORIENTED_EDGE ( 'NONE', *, *, #3190, .F. ) ;
#263 = LINE ( 'NONE', #1133, #3528 ) ;
#264 = CALENDAR_DATE ( 2026, 1, 9 ) ;
#265 = EDGE_LOOP ( 'NONE', ( #2471, #728, #2734, #2860 ) ) ;
#266 = APPROVAL_ROLE ( '' ) ;
#267 = CC_DESIGN_PERSON_AND_ORGANIZATION_ASSIGNMENT ( #493, #1629, ( #3087 ) ) ;
#268 = DIRECTION ( 'NONE',  ( -1.000000000000000000, 0.000000000000000000, 0.000000000000000000 ) ) ;
#269 = CARTESIAN_POINT ( 'NONE',  ( 0.000000000000000000, 0.000000000000000000, 13.01574803149607718 ) ) ;
#270 = DIRECTION ( 'NONE',  ( -1.000000000000000000, -0.000000000000000000, -0.000000000000000000 ) ) ;
#271 = DIRECTION ( 'NONE',  ( -1.000000000000000000, -0.000000000000000000, -0.000000000000000000 ) ) ;
#272 = CARTESIAN_POINT ( 'NONE',  ( 1.092519685039370136, -2.615557763752527169E-15, 0.5905511811023671509 ) ) ;
#273 = VERTEX_POINT ( 'NONE', #347 ) ;
#274 = EDGE_CURVE ( 'NONE', #589, #1944, #448, .T. ) ;
#275 = EDGE_CURVE ( 'NONE', #1083, #3388, #1489, .T. ) ;
#276 = SHAPE_REPRESENTATION_RELATIONSHIP ( 'NONE' , 'NONE' ,  #2237, #2744 ) ;
#277 = AXIS2_PLACEMENT_3D ( 'NONE', #2103, #1522, #155 ) ;
#278 = ORIENTED_EDGE ( 'NONE', *, *, #2400, .F. ) ;
#279 = VECTOR ( 'NONE', #762, 39.37007874015748143 ) ;
#280 = VERTEX_POINT ( 'NONE', #104 ) ;
#281 = DIRECTION ( 'NONE',  ( 0.000000000000000000, 0.000000000000000000, 1.000000000000000000 ) ) ;
#282 = DATE_TIME_ROLE ( 'classification_date' ) ;
#283 = ORIENTED_EDGE ( 'NONE', *, *, #1983, .F. ) ;
#284 = DATE_AND_TIME ( #2845, #3165 ) ;
#285 = DIRECTION ( 'NONE',  ( 1.000000000000000000, 0.000000000000000000, 0.000000000000000000 ) ) ;
#286 = DIRECTION ( 'NONE',  ( -0.000000000000000000, 0.000000000000000000, 1.000000000000000000 ) ) ;
#287 = FACE_OUTER_BOUND ( 'NONE', #2881, .T. ) ;
#288 = AXIS2_PLACEMENT_3D ( 'NONE', #3196, #51, #89 ) ;
#289 = VECTOR ( 'NONE', #3636, 39.37007874015748143 ) ;
#290 = DIRECTION ( 'NONE',  ( -1.000000000000000000, 0.000000000000000000, 0.000000000000000000 ) ) ;
#291 = FACE_OUTER_BOUND ( 'NONE', #691, .T. ) ;
#292 = CC_DESIGN_SECURITY_CLASSIFICATION ( #2317, ( #3698 ) ) ;
#293 = ORIENTED_EDGE ( 'NONE', *, *, #2534, .T. ) ;
#294 = LOCAL_TIME ( 9, 14, 3.000000000000000000, #336 ) ;
#295 = APPROVAL_ROLE ( '' ) ;
#296 = CIRCLE ( 'NONE', #123, 0.1427165354330708624 ) ;
#297 = CARTESIAN_POINT ( 'NONE',  ( 0.1377952755905511861, 1.687505431895959187E-17, 0.3937007874015748254 ) ) ;
#298 = VECTOR ( 'NONE', #1151, 39.37007874015748143 ) ;
#299 = ORIENTED_EDGE ( 'NONE', *, *, #491, .F. ) ;
#300 = DIRECTION ( 'NONE',  ( -1.000000000000000000, 0.000000000000000000, 0.000000000000000000 ) ) ;
#301 = AXIS2_PLACEMENT_3D ( 'NONE', #2888, #1140, #1707 ) ;
#302 = PERSON_AND_ORGANIZATION ( #3150, #1367 ) ;
#303 = ORIENTED_EDGE ( 'NONE', *, *, #3415, .F. ) ;
#304 = DATE_AND_TIME ( #3674, #121 ) ;
#305 = FACE_OUTER_BOUND ( 'NONE', #3622, .T. ) ;
#306 = DIRECTION ( 'NONE',  ( 0.000000000000000000, -0.000000000000000000, -1.000000000000000000 ) ) ;
#307 = LINE ( 'NONE', #2298, #3404 ) ;
#308 = DIRECTION ( 'NONE',  ( -0.000000000000000000, -1.000000000000000000, -0.000000000000000000 ) ) ;
#309 = LINE ( 'NONE', #3523, #459 ) ;
#310 = CC_DESIGN_PERSON_AND_ORGANIZATION_ASSIGNMENT ( #2388, #76, ( #2317 ) ) ;
#311 = AXIS2_PLACEMENT_3D ( 'NONE', #1010, #568, #25 ) ;
#312 = DIRECTION ( 'NONE',  ( 1.214306433183764966E-16, 1.000000000000000000, -0.000000000000000000 ) ) ;
#313 = DIRECTION ( 'NONE',  ( -1.000000000000000000, 0.000000000000000000, -0.000000000000000000 ) ) ;
#314 = APPROVAL_DATE_TIME ( #525, #2427 ) ;
#315 =( NAMED_UNIT ( * ) SI_UNIT ( $, .STERADIAN. ) SOLID_ANGLE_UNIT ( ) );
#316 = ORIENTED_EDGE ( 'NONE', *, *, #2517, .T. ) ;
#317 = ADVANCED_FACE ( 'NONE', ( #2649 ), #2086, .F. ) ;
#318 = LINE ( 'NONE', #2560, #775 ) ;
#319 = COORDINATED_UNIVERSAL_TIME_OFFSET ( 5, 0, .BEHIND. ) ;
#320 = EDGE_LOOP ( 'NONE', ( #1013, #1818, #841, #1699 ) ) ;
#321 = PERSON_AND_ORGANIZATION_ROLE ( 'classification_officer' ) ;
#322 = EDGE_CURVE ( 'NONE', #3487, #1603, #2106, .T. ) ;
#323 = DIRECTION ( 'NONE',  ( -1.000000000000000000, -0.000000000000000000, -0.000000000000000000 ) ) ;
#324 = ADVANCED_FACE ( 'NONE', ( #85 ), #2986, .F. ) ;
#325 = CARTESIAN_POINT ( 'NONE',  ( 0.1968503937007873850, 0.4921259842519686289, 16.10236220472440749 ) ) ;
#326 = CARTESIAN_POINT ( 'NONE',  ( 0.05905511811023622659, -0.4921259842519686289, 19.68503937007874072 ) ) ;
#327 = LINE ( 'NONE', #811, #1000 ) ;
#328 = ORIENTED_EDGE ( 'NONE', *, *, #1692, .T. ) ;
#329 = DIRECTION ( 'NONE',  ( -1.214306433183764966E-16, 1.000000000000000000, 0.000000000000000000 ) ) ;
#330 = LINE ( 'NONE', #349, #1480 ) ;
#331 = DIRECTION ( 'NONE',  ( 0.000000000000000000, 0.000000000000000000, 0.9999999999999998890 ) ) ;
#332 = ORIENTED_EDGE ( 'NONE', *, *, #371, .T. ) ;
#333 = DIRECTION ( 'NONE',  ( 0.000000000000000000, 0.000000000000000000, 1.000000000000000000 ) ) ;
#334 = PERSON_AND_ORGANIZATION ( #1630, #3106 ) ;
#335 = VERTEX_POINT ( 'NONE', #2395 ) ;
#336 = COORDINATED_UNIVERSAL_TIME_OFFSET ( 5, 0, .BEHIND. ) ;
#337 = VECTOR ( 'NONE', #1874, 39.37007874015748143 ) ;
#338 = AXIS2_PLACEMENT_3D ( 'NONE', #111, #2361, #890 ) ;
#339 = EDGE_CURVE ( 'NONE', #208, #180, #2837, .T. ) ;
#340 = LINE ( 'NONE', #3485, #74 ) ;
#341 = DIRECTION ( 'NONE',  ( 0.000000000000000000, 0.000000000000000000, -1.000000000000000000 ) ) ;
#342 = ORIENTED_EDGE ( 'NONE', *, *, #1326, .F. ) ;
#343 = FACE_BOUND ( 'NONE', #3148, .T. ) ;
#344 = SECURITY_CLASSIFICATION ( '', '', #732 ) ;
#345 = DIRECTION ( 'NONE',  ( -1.000000000000000000, -0.000000000000000000, -0.000000000000000000 ) ) ;
#346 = ORIENTED_EDGE ( 'NONE', *, *, #1360, .F. ) ;
#347 = CARTESIAN_POINT ( 'NONE',  ( 0.05905511811023622659, 0.4921259842519686289, 13.01574803149607718 ) ) ;
#348 = VECTOR ( 'NONE', #2324, 39.37007874015748143 ) ;
#349 = CARTESIAN_POINT ( 'NONE',  ( 0.08858267716535456193, 0.4921259842519686289, 1.181102362204724310 ) ) ;
#350 = VECTOR ( 'NONE', #122, 39.37007874015748143 ) ;
#351 = CARTESIAN_POINT ( 'NONE',  ( 72.16116179921107232, 34.81598333806135059, 50.25237444354989691 ) ) ;
#352 = LOCAL_TIME ( 9, 14, 3.000000000000000000, #1170 ) ;
#353 = ORIENTED_EDGE ( 'NONE', *, *, #1632, .F. ) ;
#354 = LINE ( 'NONE', #3552, #2977 ) ;
#355 = CALENDAR_DATE ( 2026, 1, 9 ) ;
#356 = ORIENTED_EDGE ( 'NONE', *, *, #161, .T. ) ;
#357 = VECTOR ( 'NONE', #2585, 39.37007874015748143 ) ;
#358 = DATE_AND_TIME ( #1249, #1246 ) ;
#359 = AXIS2_PLACEMENT_3D ( 'NONE', #1753, #2985, #2682 ) ;
#360 = CARTESIAN_POINT ( 'NONE',  ( 0.05905511811023622659, -0.4921259842519686289, 0.000000000000000000 ) ) ;
#361 = CARTESIAN_POINT ( 'NONE',  ( -0.1968503937007874405, 0.4921259842519686289, 0.000000000000000000 ) ) ;
#362 = EDGE_LOOP ( 'NONE', ( #3040, #192, #3444, #3325 ) ) ;
#363 = CYLINDRICAL_SURFACE ( 'NONE', #90, 0.1427165354330697800 ) ;
#364 = VECTOR ( 'NONE', #722, 39.37007874015748143 ) ;
#365 = VECTOR ( 'NONE', #3102, 39.37007874015748143 ) ;
#366 = LINE ( 'NONE', #3545, #1241 ) ;
#367 = DIRECTION ( 'NONE',  ( -0.000000000000000000, -0.000000000000000000, -1.000000000000000000 ) ) ;
#368 = EDGE_CURVE ( 'NONE', #3043, #1556, #974, .T. ) ;
#369 = CARTESIAN_POINT ( 'NONE',  ( 0.1968503937007873850, -1.814671019799547461E-15, 0.4478346456692930411 ) ) ;
#370 = VERTEX_POINT ( 'NONE', #683 ) ;
#371 = EDGE_CURVE ( 'NONE', #3277, #3127, #3530, .T. ) ;
#372 = FACE_OUTER_BOUND ( 'NONE', #265, .T. ) ;
#373 = CIRCLE ( 'NONE', #672, 0.1427165354330704461 ) ;
#374 = DIRECTION ( 'NONE',  ( 0.000000000000000000, 0.000000000000000000, -1.000000000000000000 ) ) ;
#375 = ORIENTED_EDGE ( 'NONE', *, *, #3533, .F. ) ;
#376 = DATE_AND_TIME ( #57, #3647 ) ;
#377 = ADVANCED_FACE ( 'NONE', ( #418, #385 ), #2356, .F. ) ;
#378 = DIMENSIONAL_EXPONENTS ( 1.000000000000000000, 0.000000000000000000, 0.000000000000000000, 0.000000000000000000, 0.000000000000000000, 0.000000000000000000, 0.000000000000000000 ) ;
#379 = CYLINDRICAL_SURFACE ( 'NONE', #3422, 0.1427165354330704461 ) ;
#380 = FACE_BOUND ( 'NONE', #1906, .T. ) ;
#381 = EDGE_LOOP ( 'NONE', ( #1177, #3481, #2256, #2417 ) ) ;
#382 = DIRECTION ( 'NONE',  ( 1.000000000000000000, 0.000000000000000000, 0.000000000000000000 ) ) ;
#383 = CC_DESIGN_DATE_AND_TIME_ASSIGNMENT ( #2543, #282, ( #2085 ) ) ;
#384 = DIRECTION ( 'NONE',  ( -0.000000000000000000, -1.000000000000000000, -0.000000000000000000 ) ) ;
#385 = FACE_OUTER_BOUND ( 'NONE', #2942, .T. ) ;
#386 = CARTESIAN_POINT ( 'NONE',  ( 0.1968503937007873850, -0.4921259842519684624, 14.19685039370078883 ) ) ;
#387 = DIRECTION ( 'NONE',  ( 1.000000000000000000, 0.000000000000000000, 0.000000000000000000 ) ) ;
#388 = EDGE_CURVE ( 'NONE', #1488, #528, #1838, .T. ) ;
#389 = DIRECTION ( 'NONE',  ( 0.000000000000000000, 0.000000000000000000, 1.000000000000000000 ) ) ;
#390 = PERSON_AND_ORGANIZATION_ROLE ( 'classification_officer' ) ;
#391 = ORIENTED_EDGE ( 'NONE', *, *, #1099, .F. ) ;
#392 = PERSON_AND_ORGANIZATION_ROLE ( 'creator' ) ;
#393 = DIRECTION ( 'NONE',  ( -1.000000000000000000, -0.000000000000000000, -0.000000000000000000 ) ) ;
#394 = VERTEX_POINT ( 'NONE', #1563 ) ;
#395 = CARTESIAN_POINT ( 'NONE',  ( -0.05905511811023620578, 1.246809331979269329E-15, 18.95177165354330739 ) ) ;
#396 = LINE ( 'NONE', #3191, #1787 ) ;
#397 = PLANE ( 'NONE',  #59 ) ;
#398 = CARTESIAN_POINT ( 'NONE',  ( 1.092519685039370136, 1.326653681923207881E-16, 23.03149606299213303 ) ) ;
#399 = AXIS2_PLACEMENT_3D ( 'NONE', #1165, #331, #627 ) ;
#400 = EDGE_CURVE ( 'NONE', #1556, #3143, #142, .T. ) ;
#401 = VECTOR ( 'NONE', #2604, 39.37007874015748143 ) ;
#402 =( REPRESENTATION_RELATIONSHIP ('NONE','NONE', #65, #1467 ) REPRESENTATION_RELATIONSHIP_WITH_TRANSFORMATION ( #2941 )SHAPE_REPRESENTATION_RELATIONSHIP( ) );
#403 = DIRECTION ( 'NONE',  ( -1.196361017915039486E-16, 1.000000000000000000, 0.000000000000000000 ) ) ;
#404 = PLANE ( 'NONE',  #64 ) ;
#405 = AXIS2_PLACEMENT_3D ( 'NONE', #3219, #1228, #2917 ) ;
#406 = AXIS2_PLACEMENT_3D ( 'NONE', #3019, #440, #789 ) ;
#407 = CYLINDRICAL_SURFACE ( 'NONE', #1599, 0.1427165354330697800 ) ;
#408 = APPROVAL_STATUS ( 'not_yet_approved' ) ;
#409 = PERSON_AND_ORGANIZATION_ROLE ( 'classification_officer' ) ;
#410 = ORGANIZATION ( 'NAUO-ORG4', 'UNSPECIFIED', 'UNSPECIFIED' ) ;
#411 = LINE ( 'NONE', #1557, #3365 ) ;
#412 = ORIENTED_EDGE ( 'NONE', *, *, #1449, .F. ) ;
#413 = CYLINDRICAL_SURFACE ( 'NONE', #633, 0.1427165354330708624 ) ;
#414 = CC_DESIGN_APPROVAL ( #1433, ( #44 ) ) ;
#415 = CARTESIAN_POINT ( 'NONE',  ( -0.1968503937007874405, -0.4921259842519684624, 0.000000000000000000 ) ) ;
#416 = VECTOR ( 'NONE', #2668, 39.37007874015748143 ) ;
#417 = CYLINDRICAL_SURFACE ( 'NONE', #3288, 0.1427165354330708624 ) ;
#418 = FACE_BOUND ( 'NONE', #156, .T. ) ;
#419 = AXIS2_PLACEMENT_3D ( 'NONE', #80, #2621, #1198 ) ;
#420 = EDGE_CURVE ( 'NONE', #932, #2160, #2138, .T. ) ;
#421 = EDGE_CURVE ( 'NONE', #1400, #2169, #2377, .T. ) ;
#422 = CARTESIAN_POINT ( 'NONE',  ( 0.1968503937007873850, -1.006965262793747678E-15, 0.4478346456692918753 ) ) ;
#423 = DIRECTION ( 'NONE',  ( 0.000000000000000000, 1.000000000000000000, 0.000000000000000000 ) ) ;
#424 = APPLICATION_CONTEXT ( 'configuration controlled 3d designs of mechanical parts and assemblies' ) ;
#425 = APPROVAL ( #567, 'UNSPECIFIED' ) ;
#426 = VERTEX_POINT ( 'NONE', #2337 ) ;
#427 = PERSON_AND_ORGANIZATION ( #2338, #2784 ) ;
#428 = CARTESIAN_POINT ( 'NONE',  ( 0.08858267716535429825, -0.1427165354330697800, 23.03149606299213303 ) ) ;
#429 = CALENDAR_DATE ( 2026, 1, 9 ) ;
#430 = FACE_OUTER_BOUND ( 'NONE', #1970, .T. ) ;
#431 = PRODUCT_DEFINITION_SHAPE ( 'NONE', 'NONE',  #3694 ) ;
#432 = ORIENTED_EDGE ( 'NONE', *, *, #1580, .F. ) ;
#433 = EDGE_CURVE ( 'NONE', #2504, #3502, #958, .T. ) ;
#434 = ORIENTED_EDGE ( 'NONE', *, *, #1189, .F. ) ;
#435 = VECTOR ( 'NONE', #2546, 39.37007874015748143 ) ;
#436 = CARTESIAN_POINT ( 'NONE',  ( 0.05905511811023622659, -1.024442997624098658E-15, 0.7332677165354336557 ) ) ;
#437 = CALENDAR_DATE ( 2026, 1, 9 ) ;
#438 = ADVANCED_FACE ( 'NONE', ( #1806 ), #1823, .F. ) ;
#439 = AXIS2_PLACEMENT_3D ( 'NONE', #3078, #2759, #2470 ) ;
#440 = DIRECTION ( 'NONE',  ( 0.000000000000000000, 0.000000000000000000, -1.000000000000000000 ) ) ;
#441 = DIRECTION ( 'NONE',  ( -1.000000000000000000, 0.000000000000000000, 0.000000000000000000 ) ) ;
#442 = EDGE_LOOP ( 'NONE', ( #2333, #869, #1465, #2290 ) ) ;
#443 = EDGE_CURVE ( 'NONE', #1735, #464, #3669, .T. ) ;
#444 = CARTESIAN_POINT ( 'NONE',  ( -0.05905511811023622659, -0.4921259842519686289, 14.92125984251969584 ) ) ;
#445 = CARTESIAN_POINT ( 'NONE',  ( 0.000000000000000000, 0.000000000000000000, 22.44094488188977721 ) ) ;
#446 = DATE_AND_TIME ( #3291, #3095 ) ;
#447 = CC_DESIGN_DATE_AND_TIME_ASSIGNMENT ( #2592, #865, ( #934 ) ) ;
#448 = CIRCLE ( 'NONE', #1040, 0.1427165354330708624 ) ;
#449 = CONTEXT_DEPENDENT_SHAPE_REPRESENTATION ( #3489, #3565 ) ;
#450 =( NAMED_UNIT ( * ) SI_UNIT ( $, .STERADIAN. ) SOLID_ANGLE_UNIT ( ) );
#451 = ORIENTED_EDGE ( 'NONE', *, *, #2466, .F. ) ;
#452 = CARTESIAN_POINT ( 'NONE',  ( -0.1968503937007873017, -0.4921259842519684624, 22.44094488188977721 ) ) ;
#453 = ORIENTED_EDGE ( 'NONE', *, *, #2502, .F. ) ;
#454 = PERSON_AND_ORGANIZATION_ROLE ( 'creator' ) ;
#455 = PRODUCT_DEFINITION ( 'UNKNOWN', '', #1464, #1295 ) ;
#456 = FACE_OUTER_BOUND ( 'NONE', #2286, .T. ) ;
#457 = CARTESIAN_POINT ( 'NONE',  ( -0.05905511811023620578, 0.000000000000000000, 15.51181102362204633 ) ) ;
#458 = EDGE_LOOP ( 'NONE', ( #1920, #3410, #1597, #3361 ) ) ;
#459 = VECTOR ( 'NONE', #2285, 39.37007874015748143 ) ;
#460 = DIRECTION ( 'NONE',  ( -0.000000000000000000, -1.000000000000000000, -0.000000000000000000 ) ) ;
#461 =( GEOMETRIC_REPRESENTATION_CONTEXT ( 3 ) GLOBAL_UNCERTAINTY_ASSIGNED_CONTEXT ( ( #1379 ) ) GLOBAL_UNIT_ASSIGNED_CONTEXT ( ( #923, #3197, #1496 ) ) REPRESENTATION_CONTEXT ( 'NONE', 'WORKASPACE' ) );
#462 = DIRECTION ( 'NONE',  ( 0.000000000000000000, -0.000000000000000000, 1.000000000000000000 ) ) ;
#463 = SECURITY_CLASSIFICATION ( '', '', #2749 ) ;
#464 = VERTEX_POINT ( 'NONE', #196 ) ;
#465 = APPLICATION_PROTOCOL_DEFINITION ( 'international standard', 'config_control_design', 1994, #1237 ) ;
#466 = CIRCLE ( 'NONE', #2853, 0.1427165354330704461 ) ;
#467 = ITEM_DEFINED_TRANSFORMATION ( 'NONE', 'NONE', #2908,  #220 ) ;
#468 = DIRECTION ( 'NONE',  ( -1.000000000000000000, -1.387778780781445676E-16, -0.000000000000000000 ) ) ;
#469 = VERTEX_POINT ( 'NONE', #1614 ) ;
#470 = LINE ( 'NONE', #226, #1610 ) ;
#471 = LOCAL_TIME ( 9, 14, 3.000000000000000000, #1968 ) ;
#472 = ORIENTED_EDGE ( 'NONE', *, *, #1470, .T. ) ;
#473 = APPROVAL_DATE_TIME ( #511, #883 ) ;
#474 = VERTEX_POINT ( 'NONE', #2191 ) ;
#475 = CARTESIAN_POINT ( 'NONE',  ( -0.05905511811023622659, -0.4921259842519686289, 18.50393700787402906 ) ) ;
#476 = EDGE_LOOP ( 'NONE', ( #2499, #1361, #3276, #2622 ) ) ;
#477 = LINE ( 'NONE', #1090, #139 ) ;
#478 = ORIENTED_EDGE ( 'NONE', *, *, #2951, .F. ) ;
#479 = AXIS2_PLACEMENT_3D ( 'NONE', #893, #300, #281 ) ;
#480 = DIRECTION ( 'NONE',  ( 0.000000000000000000, 0.000000000000000000, 1.000000000000000000 ) ) ;
#481 = CARTESIAN_POINT ( 'NONE',  ( -0.1968503937007874405, -0.4921259842519684624, 16.10236220472440749 ) ) ;
#482 = ORIENTED_EDGE ( 'NONE', *, *, #1729, .F. ) ;
#483 = AXIS2_PLACEMENT_3D ( 'NONE', #1217, #935, #382 ) ;
#484 = ADVANCED_FACE ( 'NONE', ( #1350 ), #1633, .F. ) ;
#485 = DATE_AND_TIME ( #758, #3558 ) ;
#486 = ADVANCED_FACE ( 'NONE', ( #496 ), #1394, .F. ) ;
#487 = DATE_AND_TIME ( #2182, #3331 ) ;
#488 = DIRECTION ( 'NONE',  ( 0.000000000000000000, 1.000000000000000000, 0.000000000000000000 ) ) ;
#489 = ORIENTED_EDGE ( 'NONE', *, *, #1692, .F. ) ;
#490 = DIRECTION ( 'NONE',  ( 1.000000000000000000, 0.000000000000000000, 0.000000000000000000 ) ) ;
#491 = EDGE_CURVE ( 'NONE', #190, #1579, #2054, .T. ) ;
#492 = VERTEX_POINT ( 'NONE', #2776 ) ;
#493 = PERSON_AND_ORGANIZATION ( #2338, #2784 ) ;
#494 = VECTOR ( 'NONE', #2830, 39.37007874015748143 ) ;
#495 = PLANE ( 'NONE',  #406 ) ;
#496 = FACE_OUTER_BOUND ( 'NONE', #1172, .T. ) ;
#497 = ORIENTED_EDGE ( 'NONE', *, *, #1357, .F. ) ;
#498 = ORIENTED_EDGE ( 'NONE', *, *, #1485, .T. ) ;
#499 = CC_DESIGN_PERSON_AND_ORGANIZATION_ASSIGNMENT ( #580, #1724, ( #2915 ) ) ;
#500 = FACE_OUTER_BOUND ( 'NONE', #3555, .T. ) ;
#501 = LINE ( 'NONE', #3400, #3412 ) ;
#502 = ORIENTED_EDGE ( 'NONE', *, *, #593, .F. ) ;
#503 = ORIENTED_EDGE ( 'NONE', *, *, #3577, .F. ) ;
#504 = PERSON_AND_ORGANIZATION ( #2338, #2784 ) ;
#505 = CC_DESIGN_PERSON_AND_ORGANIZATION_ASSIGNMENT ( #3016, #3635, ( #727 ) ) ;
#506 = ADVANCED_FACE ( 'NONE', ( #790 ), #1938, .T. ) ;
#507 = PERSON_AND_ORGANIZATION_ROLE ( 'classification_officer' ) ;
#508 = EDGE_LOOP ( 'NONE', ( #2219, #3121 ) ) ;
#509 = LINE ( 'NONE', #2449, #1591 ) ;
#510 = EDGE_LOOP ( 'NONE', ( #2828, #948, #303, #205, #3464, #2811, #736, #1640, #3136, #2836, #2753, #56 ) ) ;
#511 = DATE_AND_TIME ( #3602, #2910 ) ;
#512 = LINE ( 'NONE', #989, #1929 ) ;
#513 = LINE ( 'NONE', #3637, #2709 ) ;
#514 = VERTEX_POINT ( 'NONE', #1673 ) ;
#515 = ORIENTED_EDGE ( 'NONE', *, *, #3173, .F. ) ;
#516 = APPROVAL_PERSON_ORGANIZATION ( #1576, #1226, #3280 ) ;
#517 = UNCERTAINTY_MEASURE_WITH_UNIT (LENGTH_MEASURE( 1.000000000000000082E-05 ), #1871, 'distance_accuracy_value', 'NONE');
#518 = CARTESIAN_POINT ( 'NONE',  ( 0.000000000000000000, 0.000000000000000000, 22.44094488188977721 ) ) ;
#519 = EDGE_CURVE ( 'NONE', #547, #426, #211, .T. ) ;
#520 = CARTESIAN_POINT ( 'NONE',  ( 0.1968503937007873850, 0.4921259842519686289, 19.68503937007874072 ) ) ;
#521 = VERTEX_POINT ( 'NONE', #2815 ) ;
#522 = EDGE_LOOP ( 'NONE', ( #1310, #2242, #2651, #3648 ) ) ;
#523 = AXIS2_PLACEMENT_3D ( 'NONE', #3332, #468, #1042 ) ;
#524 = CC_DESIGN_APPROVAL ( #2556, ( #3544 ) ) ;
#525 = DATE_AND_TIME ( #2878, #1291 ) ;
#526 = LOCAL_TIME ( 9, 14, 3.000000000000000000, #1327 ) ;
#527 = PRODUCT_DEFINITION_SHAPE ( 'NONE', 'NONE',  #2252 ) ;
#528 = VERTEX_POINT ( 'NONE', #3339 ) ;
#529 = DIRECTION ( 'NONE',  ( 1.000000000000000000, 0.000000000000000000, 0.000000000000000000 ) ) ;
#530 = ORIENTED_EDGE ( 'NONE', *, *, #421, .F. ) ;
#531 = SHAPE_DEFINITION_REPRESENTATION ( #1931, #1467 ) ;
#532 = CARTESIAN_POINT ( 'NONE',  ( 0.1968503937007873850, -1.024442997624098658E-15, 0.5905511811023627100 ) ) ;
#533 = CARTESIAN_POINT ( 'NONE',  ( -0.1968503937007874405, 0.4921259842519686289, 0.000000000000000000 ) ) ;
#534 = CARTESIAN_POINT ( 'NONE',  ( 0.05905511811023622659, -0.4921259842519686289, 14.19685039370078883 ) ) ;
#535 = AXIS2_PLACEMENT_3D ( 'NONE', #13, #2873, #538 ) ;
#536 = LOCAL_TIME ( 9, 14, 3.000000000000000000, #1516 ) ;
#537 = EDGE_CURVE ( 'NONE', #1669, #561, #513, .T. ) ;
#538 = DIRECTION ( 'NONE',  ( 0.000000000000000000, 0.000000000000000000, -1.000000000000000000 ) ) ;
#539 = CARTESIAN_POINT ( 'NONE',  ( 0.08858267716535445091, -0.4921259842519684624, 23.62204724409448886 ) ) ;
#540 = VECTOR ( 'NONE', #2532, 39.37007874015748143 ) ;
#541 = EDGE_CURVE ( 'NONE', #1506, #1698, #3301, .T. ) ;
#542 = ADVANCED_FACE ( 'NONE', ( #772, #1880 ), #2173, .F. ) ;
#543 = VERTEX_POINT ( 'NONE', #1012 ) ;
#544 = CIRCLE ( 'NONE', #2629, 0.1427165354330704461 ) ;
#545 = VECTOR ( 'NONE', #646, 39.37007874015748143 ) ;
#546 = CC_DESIGN_PERSON_AND_ORGANIZATION_ASSIGNMENT ( #2693, #2062, ( #3345 ) ) ;
#547 = VERTEX_POINT ( 'NONE', #3320 ) ;
#548 = LINE ( 'NONE', #2842, #2568 ) ;
#549 = PERSON_AND_ORGANIZATION ( #830, #1844 ) ;
#550 = VERTEX_POINT ( 'NONE', #1373 ) ;
#551 = APPROVAL_DATE_TIME ( #249, #2139 ) ;
#552 = CARTESIAN_POINT ( 'NONE',  ( 0.1968503937007873850, -1.832148754629898243E-15, 0.5905511811023627100 ) ) ;
#553 = CARTESIAN_POINT ( 'NONE',  ( 0.05905511811023622659, -0.4921259842519686289, 1.181102362204712319 ) ) ;
#554 = CARTESIAN_POINT ( 'NONE',  ( 0.1968503937007872462, -0.4921259842519684624, 1.181102362204724310 ) ) ;
#555 = EDGE_CURVE ( 'NONE', #1400, #370, #477, .T. ) ;
#556 = VECTOR ( 'NONE', #2676, 39.37007874015748143 ) ;
#557 = LINE ( 'NONE', #1691, #1179 ) ;
#558 = EDGE_CURVE ( 'NONE', #2440, #208, #2231, .T. ) ;
#559 = CARTESIAN_POINT ( 'NONE',  ( -0.1968503937007874405, -0.4921259842519684624, 19.68503937007874072 ) ) ;
#560 = PRODUCT_DEFINITION_SHAPE ( 'NONE', 'NONE',  #3693 ) ;
#561 = VERTEX_POINT ( 'NONE', #533 ) ;
#562 = EDGE_LOOP ( 'NONE', ( #574, #498, #900, #1345 ) ) ;
#563 = VERTEX_POINT ( 'NONE', #251 ) ;
#564 = CARTESIAN_POINT ( 'NONE',  ( -0.05905511811023622659, 0.4921259842519686289, 14.19685039370078883 ) ) ;
#565 = DATE_TIME_ROLE ( 'classification_date' ) ;
#566 = ORIENTED_EDGE ( 'NONE', *, *, #1602, .T. ) ;
#567 = APPROVAL_STATUS ( 'not_yet_approved' ) ;
#568 = DIRECTION ( 'NONE',  ( -1.000000000000000000, 0.000000000000000000, 0.000000000000000000 ) ) ;
#569 = FACE_OUTER_BOUND ( 'NONE', #320, .T. ) ;
#570 = DIRECTION ( 'NONE',  ( -1.000000000000000000, -1.214306433183765213E-16, -0.000000000000000000 ) ) ;
#571 = EDGE_CURVE ( 'NONE', #2174, #2513, #1318, .T. ) ;
#572 = FACE_OUTER_BOUND ( 'NONE', #1029, .T. ) ;
#573 = DIRECTION ( 'NONE',  ( 0.000000000000000000, -0.000000000000000000, 1.000000000000000000 ) ) ;
#574 = ORIENTED_EDGE ( 'NONE', *, *, #1694, .F. ) ;
#575 =( NAMED_UNIT ( * ) PLANE_ANGLE_UNIT ( ) SI_UNIT ( $, .RADIAN. ) );
#576 = ORIENTED_EDGE ( 'NONE', *, *, #443, .T. ) ;
#577 = DIRECTION ( 'NONE',  ( -1.000000000000000000, 0.000000000000000000, 0.000000000000000000 ) ) ;
#578 = DATE_AND_TIME ( #1702, #3457 ) ;
#579 = ORIENTED_EDGE ( 'NONE', *, *, #259, .F. ) ;
#580 = PERSON_AND_ORGANIZATION ( #2338, #2784 ) ;
#581 = DIRECTION ( 'NONE',  ( 0.000000000000000000, 0.000000000000000000, -1.000000000000000000 ) ) ;
#582 = CARTESIAN_POINT ( 'NONE',  ( -0.1968503937007874405, -0.4921259842519684624, 14.19685039370078883 ) ) ;
#583 = LINE ( 'NONE', #2027, #2625 ) ;
#584 = AXIS2_PLACEMENT_3D ( 'NONE', #481, #1582, #3624 ) ;
#585 = AXIS2_PLACEMENT_3D ( 'NONE', #2818, #2586, #3418 ) ;
#586 = DIRECTION ( 'NONE',  ( 0.000000000000000000, 0.000000000000000000, 1.000000000000000000 ) ) ;
#587 = CARTESIAN_POINT ( 'NONE',  ( -0.05905511811023622659, -0.4921259842519686289, 13.01574803149607718 ) ) ;
#588 = LOCAL_TIME ( 9, 14, 3.000000000000000000, #854 ) ;
#589 = VERTEX_POINT ( 'NONE', #3045 ) ;
#590 = CARTESIAN_POINT ( 'NONE',  ( 0.1968503937007873850, 0.4921259842519686289, 0.000000000000000000 ) ) ;
#591 = LOCAL_TIME ( 9, 14, 3.000000000000000000, #1136 ) ;
#592 =( REPRESENTATION_RELATIONSHIP ('NONE','NONE', #65, #86 ) REPRESENTATION_RELATIONSHIP_WITH_TRANSFORMATION ( #1020 )SHAPE_REPRESENTATION_RELATIONSHIP( ) );
#593 = EDGE_CURVE ( 'NONE', #543, #2697, #3188, .T. ) ;
#594 = PERSON_AND_ORGANIZATION_ROLE ( 'classification_officer' ) ;
#595 = EDGE_CURVE ( 'NONE', #785, #720, #2738, .T. ) ;
#596 = VECTOR ( 'NONE', #2269, 39.37007874015748143 ) ;
#597 = CIRCLE ( 'NONE', #1058, 0.1427165354330704461 ) ;
#598 = VERTEX_POINT ( 'NONE', #1899 ) ;
#599 = DIRECTION ( 'NONE',  ( 0.000000000000000000, 0.000000000000000000, 1.000000000000000000 ) ) ;
#600 = VECTOR ( 'NONE', #2282, 39.37007874015748143 ) ;
#601 = DATE_TIME_ROLE ( 'classification_date' ) ;
#602 = ORIENTED_EDGE ( 'NONE', *, *, #555, .F. ) ;
#603 = SHAPE_DEFINITION_REPRESENTATION ( #3366, #86 ) ;
#604 = CARTESIAN_POINT ( 'NONE',  ( 0.1968503937007873850, 1.229331597148918547E-15, 19.23720472440944818 ) ) ;
#605 = FACE_OUTER_BOUND ( 'NONE', #3367, .T. ) ;
#606 = DIRECTION ( 'NONE',  ( 1.000000000000000000, -0.000000000000000000, -0.000000000000000000 ) ) ;
#607 = CARTESIAN_POINT ( 'NONE',  ( -0.05905511811023622659, -0.4921259842519686289, 13.01574803149607718 ) ) ;
#608 = CC_DESIGN_PERSON_AND_ORGANIZATION_ASSIGNMENT ( #3518, #2113, ( #1730 ) ) ;
#609 = DIRECTION ( 'NONE',  ( 0.000000000000000000, 0.000000000000000000, -1.000000000000000000 ) ) ;
#610 = DIRECTION ( 'NONE',  ( 1.214306433183764966E-16, 1.000000000000000000, -0.000000000000000000 ) ) ;
#611 = CC_DESIGN_PERSON_AND_ORGANIZATION_ASSIGNMENT ( #1348, #3337, ( #1464 ) ) ;
#612 = CARTESIAN_POINT ( 'NONE',  ( 50.31450683334922047, 34.40636460152298071, 50.33207238405267958 ) ) ;
#613 = AXIS2_PLACEMENT_3D ( 'NONE', #1259, #1031, #1918 ) ;
#614 = VERTEX_POINT ( 'NONE', #1746 ) ;
#615 = DIRECTION ( 'NONE',  ( -1.000000000000000000, 0.000000000000000000, 0.000000000000000000 ) ) ;
#616 = APPROVAL_DATE_TIME ( #3553, #3357 ) ;
#617 = VERTEX_POINT ( 'NONE', #2584 ) ;
#618 = DATE_AND_TIME ( #2389, #3524 ) ;
#619 = FACE_OUTER_BOUND ( 'NONE', #2512, .T. ) ;
#620 = PLANE ( 'NONE',  #2509 ) ;
#621 = ORIENTED_EDGE ( 'NONE', *, *, #2486, .T. ) ;
#622 = PLANE ( 'NONE',  #3678 ) ;
#623 = CARTESIAN_POINT ( 'NONE',  ( 0.1968503937007873850, -1.832148754629898243E-15, 0.5905511811023627100 ) ) ;
#624 = ORIENTED_EDGE ( 'NONE', *, *, #2769, .F. ) ;
#625 = DIRECTION ( 'NONE',  ( 0.000000000000000000, 0.000000000000000000, 1.000000000000000000 ) ) ;
#626 = CARTESIAN_POINT ( 'NONE',  ( -0.1968503937007874405, 0.4921259842519686289, 16.10236220472440749 ) ) ;
#627 = DIRECTION ( 'NONE',  ( -0.2518319522979244884, -0.9677709790037185567, 0.000000000000000000 ) ) ;
#628 = ORIENTED_EDGE ( 'NONE', *, *, #3302, .F. ) ;
#629 = PLANE ( 'NONE',  #2735 ) ;
#630 = APPROVAL_DATE_TIME ( #982, #1705 ) ;
#631 = ORIENTED_EDGE ( 'NONE', *, *, #2855, .T. ) ;
#632 = DATE_AND_TIME ( #2943, #714 ) ;
#633 = AXIS2_PLACEMENT_3D ( 'NONE', #138, #1273, #2717 ) ;
#634 =( GEOMETRIC_REPRESENTATION_CONTEXT ( 3 ) GLOBAL_UNCERTAINTY_ASSIGNED_CONTEXT ( ( #517 ) ) GLOBAL_UNIT_ASSIGNED_CONTEXT ( ( #1871, #3311, #450 ) ) REPRESENTATION_CONTEXT ( 'NONE', 'WORKASPACE' ) );
#635 = DIMENSIONAL_EXPONENTS ( 1.000000000000000000, 0.000000000000000000, 0.000000000000000000, 0.000000000000000000, 0.000000000000000000, 0.000000000000000000, 0.000000000000000000 ) ;
#636 = DIRECTION ( 'NONE',  ( -1.000000000000000000, -0.000000000000000000, -0.000000000000000000 ) ) ;
#637 = CARTESIAN_POINT ( 'NONE',  ( -0.1968503937007874405, -0.4921259842519684624, 19.68503937007874072 ) ) ;
#638 = EDGE_LOOP ( 'NONE', ( #453, #1135, #3661, #391 ) ) ;
#639 = CARTESIAN_POINT ( 'NONE',  ( -0.1968503937007874405, -6.654842635857148254E-16, 0.4478346456692918753 ) ) ;
#640 = EDGE_CURVE ( 'NONE', #807, #2184, #2566, .T. ) ;
#641 = EDGE_CURVE ( 'NONE', #1230, #234, #2010, .T. ) ;
#642 = DIRECTION ( 'NONE',  ( -1.000000000000000000, 0.000000000000000000, 0.000000000000000000 ) ) ;
#643 = DIRECTION ( 'NONE',  ( -0.000000000000000000, -0.000000000000000000, 1.000000000000000000 ) ) ;
#644 = VECTOR ( 'NONE', #887, 39.37007874015748143 ) ;
#645 = EDGE_CURVE ( 'NONE', #617, #521, #2847, .T. ) ;
#646 = DIRECTION ( 'NONE',  ( 0.000000000000000000, 1.000000000000000000, 0.000000000000000000 ) ) ;
#647 = PLANE ( 'NONE',  #3634 ) ;
#648 = ADVANCED_FACE ( 'NONE', ( #569 ), #2047, .F. ) ;
#649 = DIRECTION ( 'NONE',  ( 0.5809013735777224241, -0.8139739517794872814, -1.042680855809341468E-16 ) ) ;
#650 = SECURITY_CLASSIFICATION ( '', '', #2060 ) ;
#651 = CC_DESIGN_PERSON_AND_ORGANIZATION_ASSIGNMENT ( #689, #409, ( #3229 ) ) ;
#652 = CARTESIAN_POINT ( 'NONE',  ( -0.1968503937007874405, -0.4921259842519684624, 0.000000000000000000 ) ) ;
#653 = DATE_AND_TIME ( #674, #1790 ) ;
#654 = EDGE_LOOP ( 'NONE', ( #283, #1905, #1559, #4, #2787, #1050, #579, #1654, #1359, #2255, #839, #1945 ) ) ;
#655 = CLOSED_SHELL ( 'NONE', ( #48, #1023, #2632, #3480, #693, #2353, #909, #3139, #810, #2537, #997, #2262, #1414, #648, #3351, #787, #1206, #438 ) ) ;
#656 = DATE_AND_TIME ( #2976, #2378 ) ;
#657 = CARTESIAN_POINT ( 'NONE',  ( 0.05905511811023622659, -0.4921259842519686289, 1.181102362204712319 ) ) ;
#658 = DIRECTION ( 'NONE',  ( -0.000000000000000000, -0.000000000000000000, -1.000000000000000000 ) ) ;
#659 = VERTEX_POINT ( 'NONE', #3468 ) ;
#660 = DIRECTION ( 'NONE',  ( -1.000000000000000000, -0.000000000000000000, -0.000000000000000000 ) ) ;
#661 = AXIS2_PLACEMENT_3D ( 'NONE', #668, #1223, #2574 ) ;
#662 = PLANE ( 'NONE',  #955 ) ;
#663 = AXIS2_PLACEMENT_3D ( 'NONE', #272, #3084, #2664 ) ;
#664 = LINE ( 'NONE', #102, #829 ) ;
#665 = CARTESIAN_POINT ( 'NONE',  ( 0.05905511811023622659, -0.4921259842519686289, 1.181102362204712319 ) ) ;
#666 = ADVANCED_FACE ( 'NONE', ( #899 ), #2314, .F. ) ;
#667 = APPLICATION_CONTEXT ( 'configuration controlled 3d designs of mechanical parts and assemblies' ) ;
#668 = CARTESIAN_POINT ( 'NONE',  ( -0.1968503937007874405, -0.4921259842519684624, 23.62204724409448886 ) ) ;
#669 = ORIENTED_EDGE ( 'NONE', *, *, #31, .T. ) ;
#670 = FACE_OUTER_BOUND ( 'NONE', #1987, .T. ) ;
#671 = CARTESIAN_POINT ( 'NONE',  ( 42.35773241700436387, 23.67563992573924736, 50.09332618735130893 ) ) ;
#672 = AXIS2_PLACEMENT_3D ( 'NONE', #2025, #3430, #2264 ) ;
#673 = DIRECTION ( 'NONE',  ( -1.000000000000000000, -0.000000000000000000, -0.000000000000000000 ) ) ;
#674 = CALENDAR_DATE ( 2026, 1, 9 ) ;
#675 = ORIENTED_EDGE ( 'NONE', *, *, #2745, .T. ) ;
#676 = PERSON_AND_ORGANIZATION ( #2338, #2784 ) ;
#677 = ADVANCED_FACE ( 'NONE', ( #3169 ), #2245, .F. ) ;
#678 = CARTESIAN_POINT ( 'NONE',  ( 0.1968503937007873850, 1.229331597148918547E-15, 19.09448818897637778 ) ) ;
#679 = ORIENTED_EDGE ( 'NONE', *, *, #1696, .T. ) ;
#680 = LINE ( 'NONE', #2118, #2631 ) ;
#681 = CYLINDRICAL_SURFACE ( 'NONE', #2618, 0.1427165354330704461 ) ;
#682 = LINE ( 'NONE', #2303, #2990 ) ;
#683 = CARTESIAN_POINT ( 'NONE',  ( 0.05905511811023622659, -0.4921259842519686289, 13.01574803149607718 ) ) ;
#684 = CARTESIAN_POINT ( 'NONE',  ( -0.1968503937007874405, -1.006965262793747678E-15, 0.4478346456692918753 ) ) ;
#685 = DIRECTION ( 'NONE',  ( 1.000000000000000000, 0.000000000000000000, 0.000000000000000000 ) ) ;
#686 = LINE ( 'NONE', #1268, #1781 ) ;
#687 = COORDINATED_UNIVERSAL_TIME_OFFSET ( 5, 0, .BEHIND. ) ;
#688 = CC_DESIGN_APPROVAL ( #883, ( #2879 ) ) ;
#689 = PERSON_AND_ORGANIZATION ( #2338, #2784 ) ;
#690 = CARTESIAN_POINT ( 'NONE',  ( -0.05905511811023622659, 0.4921259842519686289, 1.181102362204712319 ) ) ;
#691 = EDGE_LOOP ( 'NONE', ( #356, #2213, #200, #3162 ) ) ;
#692 = DIRECTION ( 'NONE',  ( -1.000000000000000000, 0.000000000000000000, -0.000000000000000000 ) ) ;
#693 = ADVANCED_FACE ( 'NONE', ( #605 ), #2602, .F. ) ;
#694 = APPROVAL_PERSON_ORGANIZATION ( #3627, #1510, #980 ) ;
#695 = DIRECTION ( 'NONE',  ( 0.000000000000000000, 1.000000000000000000, 0.000000000000000000 ) ) ;
#696 = DIRECTION ( 'NONE',  ( -1.000000000000000000, 0.000000000000000000, -0.000000000000000000 ) ) ;
#697 = CARTESIAN_POINT ( 'NONE',  ( 0.000000000000000000, 0.000000000000000000, 0.000000000000000000 ) ) ;
#698 = APPROVAL_PERSON_ORGANIZATION ( #1008, #1396, #1650 ) ;
#699 = CC_DESIGN_DATE_AND_TIME_ASSIGNMENT ( #21, #601, ( #2439 ) ) ;
#700 = APPROVAL_PERSON_ORGANIZATION ( #222, #3104, #1080 ) ;
#701 = UNCERTAINTY_MEASURE_WITH_UNIT (LENGTH_MEASURE( 1.000000000000000082E-05 ), #3138, 'distance_accuracy_value', 'NONE');
#702 = FACE_OUTER_BOUND ( 'NONE', #638, .T. ) ;
#703 = FACE_OUTER_BOUND ( 'NONE', #2431, .T. ) ;
#704 = EDGE_CURVE ( 'NONE', #2180, #2504, #2902, .T. ) ;
#705 = DATE_TIME_ROLE ( 'classification_date' ) ;
#706 = AXIS2_PLACEMENT_3D ( 'NONE', #140, #1523, #2374 ) ;
#707 = EDGE_CURVE ( 'NONE', #514, #1506, #3130, .T. ) ;
#708 = CARTESIAN_POINT ( 'NONE',  ( 0.05905511811023622659, 0.4921259842519686289, 14.19685039370078883 ) ) ;
#709 = COORDINATED_UNIVERSAL_TIME_OFFSET ( 5, 0, .BEHIND. ) ;
#710 = DIRECTION ( 'NONE',  ( 1.387778780781445676E-16, -1.000000000000000000, 0.000000000000000000 ) ) ;
#711 = CC_DESIGN_APPROVAL ( #1941, ( #2317 ) ) ;
#712 = ORIENTED_EDGE ( 'NONE', *, *, #2655, .F. ) ;
#713 = PLANE ( 'NONE',  #2447 ) ;
#714 = LOCAL_TIME ( 9, 14, 3.000000000000000000, #3203 ) ;
#715 = COORDINATED_UNIVERSAL_TIME_OFFSET ( 5, 0, .BEHIND. ) ;
#716 = VECTOR ( 'NONE', #312, 39.37007874015748143 ) ;
#717 = FACE_BOUND ( 'NONE', #218, .T. ) ;
#718 = AXIS2_PLACEMENT_3D ( 'NONE', #2221, #2514, #1921 ) ;
#719 = CARTESIAN_POINT ( 'NONE',  ( -0.05905511811023620578, -1.024442997624098658E-15, 0.7332677165354336557 ) ) ;
#720 = VERTEX_POINT ( 'NONE', #3431 ) ;
#721 = APPROVAL ( #782, 'UNKNOWN' ) ;
#722 = DIRECTION ( 'NONE',  ( -0.000000000000000000, -0.000000000000000000, -1.000000000000000000 ) ) ;
#723 = CARTESIAN_POINT ( 'NONE',  ( -0.05905511811023622659, -0.4921259842519686289, 14.19685039370078883 ) ) ;
#724 = CC_DESIGN_PERSON_AND_ORGANIZATION_ASSIGNMENT ( #741, #2711, ( #3544 ) ) ;
#725 = DATE_AND_TIME ( #2462, #526 ) ;
#726 = LENGTH_MEASURE_WITH_UNIT ( LENGTH_MEASURE( 0.02539999999999999897 ), #1930 );
#727 = PRODUCT ( 'LCE and LDE', 'LCE and LDE', '', ( #209 ) ) ;
#728 = ORIENTED_EDGE ( 'NONE', *, *, #2302, .T. ) ;
#729 = VERTEX_POINT ( 'NONE', #2297 ) ;
#730 = LINE ( 'NONE', #1366, #1891 ) ;
#731 = ORIENTED_EDGE ( 'NONE', *, *, #1697, .T. ) ;
#732 = SECURITY_CLASSIFICATION_LEVEL ( 'unclassified' ) ;
#733 = VECTOR ( 'NONE', #750, 39.37007874015748143 ) ;
#734 = PLANE ( 'NONE',  #1904 ) ;
#735 = CARTESIAN_POINT ( 'NONE',  ( 0.05905511811023622659, -0.4921259842519686289, 14.92125984251969584 ) ) ;
#736 = ORIENTED_EDGE ( 'NONE', *, *, #1602, .F. ) ;
#737 = APPLICATION_CONTEXT ( 'configuration controlled 3d designs of mechanical parts and assemblies' ) ;
#738 = DIRECTION ( 'NONE',  ( 0.000000000000000000, 0.000000000000000000, 1.000000000000000000 ) ) ;
#739 = PLANE ( 'NONE',  #110 ) ;
#740 = ORIENTED_EDGE ( 'NONE', *, *, #2655, .T. ) ;
#741 = PERSON_AND_ORGANIZATION ( #2338, #2784 ) ;
#742 = VECTOR ( 'NONE', #3249, 39.37007874015748143 ) ;
#743 = APPROVAL_DATE_TIME ( #3310, #1087 ) ;
#744 = DIRECTION ( 'NONE',  ( -1.000000000000000000, 0.000000000000000000, 0.000000000000000000 ) ) ;
#745 = ORIENTED_EDGE ( 'NONE', *, *, #3022, .F. ) ;
#746 = CARTESIAN_POINT ( 'NONE',  ( 0.05905511811023620578, 0.4921259842519686289, 0.000000000000000000 ) ) ;
#747 = ORIENTED_EDGE ( 'NONE', *, *, #1139, .F. ) ;
#748 = CALENDAR_DATE ( 2026, 1, 9 ) ;
#749 = DIRECTION ( 'NONE',  ( 0.000000000000000000, 0.000000000000000000, 1.000000000000000000 ) ) ;
#750 = DIRECTION ( 'NONE',  ( -0.000000000000000000, -0.000000000000000000, 1.000000000000000000 ) ) ;
#751 = ORIENTED_EDGE ( 'NONE', *, *, #3088, .T. ) ;
#752 = ADVANCED_FACE ( 'NONE', ( #3447 ), #620, .F. ) ;
#753 = ADVANCED_FACE ( 'NONE', ( #2547 ), #1444, .T. ) ;
#754 = PLANE ( 'NONE',  #2147 ) ;
#755 = CARTESIAN_POINT ( 'NONE',  ( 0.1968503937007873850, -0.4921259842519684624, 19.68503937007874072 ) ) ;
#756 = VERTEX_POINT ( 'NONE', #325 ) ;
#757 = ORIENTED_EDGE ( 'NONE', *, *, #2972, .T. ) ;
#758 = CALENDAR_DATE ( 2026, 1, 9 ) ;
#759 = ADVANCED_FACE ( 'NONE', ( #3047 ), #1689, .F. ) ;
#760 = VECTOR ( 'NONE', #2381, 39.37007874015748143 ) ;
#761 = APPROVAL_ROLE ( '' ) ;
#762 = DIRECTION ( 'NONE',  ( -0.000000000000000000, -0.000000000000000000, -1.000000000000000000 ) ) ;
#763 = AXIS2_PLACEMENT_3D ( 'NONE', #1917, #3358, #3620 ) ;
#764 = PRODUCT_RELATED_PRODUCT_CATEGORY ( 'detail', '', ( #727 ) ) ;
#765 = ORIENTED_EDGE ( 'NONE', *, *, #2341, .T. ) ;
#766 = DIRECTION ( 'NONE',  ( 1.214306433183765213E-16, 1.000000000000000000, 0.000000000000000000 ) ) ;
#767 = CC_DESIGN_APPROVAL ( #3083, ( #1730 ) ) ;
#768 = ORIENTED_EDGE ( 'NONE', *, *, #3204, .T. ) ;
#769 = COORDINATED_UNIVERSAL_TIME_OFFSET ( 5, 0, .BEHIND. ) ;
#770 = LINE ( 'NONE', #475, #1062 ) ;
#771 = APPROVAL_PERSON_ORGANIZATION ( #3114, #921, #266 ) ;
#772 = FACE_BOUND ( 'NONE', #1193, .T. ) ;
#773 = ORIENTED_EDGE ( 'NONE', *, *, #2819, .T. ) ;
#774 = VECTOR ( 'NONE', #1824, 39.37007874015748143 ) ;
#775 = VECTOR ( 'NONE', #1967, 39.37007874015748143 ) ;
#776 = CYLINDRICAL_SURFACE ( 'NONE', #2382, 0.1427165354330708624 ) ;
#777 = EDGE_CURVE ( 'NONE', #941, #550, #1077, .T. ) ;
#778 = CARTESIAN_POINT ( 'NONE',  ( 0.000000000000000000, 0.000000000000000000, 1.181102362204712319 ) ) ;
#779 = AXIS2_PLACEMENT_3D ( 'NONE', #846, #2831, #2923 ) ;
#780 = ORIENTED_EDGE ( 'NONE', *, *, #867, .T. ) ;
#781 = CALENDAR_DATE ( 2026, 1, 9 ) ;
#782 = APPROVAL_STATUS ( 'not_yet_approved' ) ;
#783 = ORIENTED_EDGE ( 'NONE', *, *, #339, .T. ) ;
#784 = DIRECTION ( 'NONE',  ( -0.000000000000000000, -0.000000000000000000, -1.000000000000000000 ) ) ;
#785 = VERTEX_POINT ( 'NONE', #827 ) ;
#786 = DATE_AND_TIME ( #1067, #1657 ) ;
#787 = ADVANCED_FACE ( 'NONE', ( #1974 ), #3117, .T. ) ;
#788 = AXIS2_PLACEMENT_3D ( 'NONE', #552, #1688, #2244 ) ;
#789 = DIRECTION ( 'NONE',  ( -1.000000000000000000, 0.000000000000000000, -0.000000000000000000 ) ) ;
#790 = FACE_OUTER_BOUND ( 'NONE', #3424, .T. ) ;
#791 = VERTEX_POINT ( 'NONE', #2662 ) ;
#792 = EDGE_LOOP ( 'NONE', ( #1305, #1785, #1852, #432 ) ) ;
#793 = VECTOR ( 'NONE', #2950, 39.37007874015748143 ) ;
#794 = DIRECTION ( 'NONE',  ( -1.000000000000000000, -0.000000000000000000, -0.000000000000000000 ) ) ;
#795 = DIRECTION ( 'NONE',  ( -1.000000000000000000, 0.000000000000000000, 0.000000000000000000 ) ) ;
#796 = VERTEX_POINT ( 'NONE', #2078 ) ;
#797 = ORIENTED_EDGE ( 'NONE', *, *, #645, .F. ) ;
#798 = CONTEXT_DEPENDENT_SHAPE_REPRESENTATION ( #2724, #2423 ) ;
#799 =( NAMED_UNIT ( * ) SI_UNIT ( $, .STERADIAN. ) SOLID_ANGLE_UNIT ( ) );
#800 = ORIENTED_EDGE ( 'NONE', *, *, #2934, .F. ) ;
#801 = CARTESIAN_POINT ( 'NONE',  ( 0.1968503937007873850, -0.4921259842519684624, 19.68503937007874072 ) ) ;
#802 = EDGE_CURVE ( 'NONE', #474, #2151, #243, .T. ) ;
#803 = ORIENTED_EDGE ( 'NONE', *, *, #1729, .T. ) ;
#804 = APPROVAL_DATE_TIME ( #8, #1433 ) ;
#805 = DIRECTION ( 'NONE',  ( 1.000000000000000000, 0.000000000000000000, -0.000000000000000000 ) ) ;
#806 = DIRECTION ( 'NONE',  ( 1.000000000000000000, 0.000000000000000000, 0.000000000000000000 ) ) ;
#807 = VERTEX_POINT ( 'NONE', #952 ) ;
#808 = VERTEX_POINT ( 'NONE', #3486 ) ;
#809 = EDGE_CURVE ( 'NONE', #2896, #280, #3501, .T. ) ;
#810 = ADVANCED_FACE ( 'NONE', ( #380, #99 ), #913, .F. ) ;
#811 = CARTESIAN_POINT ( 'NONE',  ( 1.092519685039370136, -0.1427165354330696412, 23.03149606299213303 ) ) ;
#812 = CC_DESIGN_PERSON_AND_ORGANIZATION_ASSIGNMENT ( #2958, #1231, ( #55 ) ) ;
#813 = DIRECTION ( 'NONE',  ( 0.000000000000000000, 0.000000000000000000, 1.000000000000000000 ) ) ;
#814 = AXIS2_PLACEMENT_3D ( 'NONE', #1064, #2185, #2210 ) ;
#815 = VERTEX_POINT ( 'NONE', #1214 ) ;
#816 = CC_DESIGN_APPROVAL ( #1664, ( #1161 ) ) ;
#817 = EDGE_CURVE ( 'NONE', #2184, #335, #2332, .T. ) ;
#818 = VECTOR ( 'NONE', #246, 39.37007874015748143 ) ;
#819 = EDGE_CURVE ( 'NONE', #1083, #815, #2349, .T. ) ;
#820 = ORIENTED_EDGE ( 'NONE', *, *, #2083, .T. ) ;
#821 = DIRECTION ( 'NONE',  ( 0.000000000000000000, 0.000000000000000000, -1.000000000000000000 ) ) ;
#822 = APPROVAL_STATUS ( 'not_yet_approved' ) ;
#823 = ORIENTED_EDGE ( 'NONE', *, *, #1632, .T. ) ;
#824 = EDGE_CURVE ( 'NONE', #2467, #3425, #2065, .T. ) ;
#825 = CALENDAR_DATE ( 2026, 1, 9 ) ;
#826 = DIRECTION ( 'NONE',  ( 1.000000000000000000, 0.000000000000000000, 0.000000000000000000 ) ) ;
#827 = CARTESIAN_POINT ( 'NONE',  ( 0.05905511811023622659, 0.4921259842519686289, 18.50393700787402906 ) ) ;
#828 = CARTESIAN_POINT ( 'NONE',  ( 0.1968503937007873850, 0.000000000000000000, 15.51181102362204633 ) ) ;
#829 = VECTOR ( 'NONE', #1538, 39.37007874015748143 ) ;
#830 = PERSON ( 'NAUO-PER2', 'UNSPECIFIED', 'UNSPECIFIED', ('UNSPECIFIED'), ('UNSPECIFIED'), ('UNSPECIFIED') ) ;
#831 = SECURITY_CLASSIFICATION ( '', '', #3461 ) ;
#832 = CARTESIAN_POINT ( 'NONE',  ( -0.1968503937007874405, 0.4921259842519686289, 0.000000000000000000 ) ) ;
#833 = FACE_BOUND ( 'NONE', #2885, .T. ) ;
#834 = AXIS2_PLACEMENT_3D ( 'NONE', #2868, #570, #1708 ) ;
#835 = ORIENTED_EDGE ( 'NONE', *, *, #645, .T. ) ;
#836 = AXIS2_PLACEMENT_3D ( 'NONE', #1658, #1127, #813 ) ;
#837 = VECTOR ( 'NONE', #18, 39.37007874015748143 ) ;
#838 = CIRCLE ( 'NONE', #1130, 0.1427165354330697800 ) ;
#839 = ORIENTED_EDGE ( 'NONE', *, *, #817, .T. ) ;
#840 = CC_DESIGN_DATE_AND_TIME_ASSIGNMENT ( #2485, #3299, ( #344 ) ) ;
#841 = ORIENTED_EDGE ( 'NONE', *, *, #2996, .T. ) ;
#842 = CARTESIAN_POINT ( 'NONE',  ( 0.1968503937007873850, 1.229331597148918547E-15, 19.09448818897637778 ) ) ;
#843 = ORIENTED_EDGE ( 'NONE', *, *, #1861, .T. ) ;
#844 = PERSON_AND_ORGANIZATION ( #2338, #2784 ) ;
#845 = CARTESIAN_POINT ( 'NONE',  ( 0.1968503937007873850, 0.4921259842519686289, 22.44094488188977721 ) ) ;
#846 = CARTESIAN_POINT ( 'NONE',  ( 0.000000000000000000, 0.000000000000000000, 1.181102362204724310 ) ) ;
#847 = LINE ( 'NONE', #2334, #3619 ) ;
#848 = VECTOR ( 'NONE', #2887, 39.37007874015748143 ) ;
#849 = LINE ( 'NONE', #46, #3279 ) ;
#850 = PLANE ( 'NONE',  #836 ) ;
#851 = ORIENTED_EDGE ( 'NONE', *, *, #2913, .T. ) ;
#852 = ORIENTED_EDGE ( 'NONE', *, *, #1861, .F. ) ;
#853 = LINE ( 'NONE', #1988, #1913 ) ;
#854 = COORDINATED_UNIVERSAL_TIME_OFFSET ( 5, 0, .BEHIND. ) ;
#855 = ORIENTED_EDGE ( 'NONE', *, *, #3577, .T. ) ;
#856 = PERSON_AND_ORGANIZATION ( #2338, #2784 ) ;
#857 = DIRECTION ( 'NONE',  ( -1.000000000000000000, -0.000000000000000000, -0.000000000000000000 ) ) ;
#858 = CARTESIAN_POINT ( 'NONE',  ( -0.1968503937007874405, 0.4921259842519686289, 23.62204724409448886 ) ) ;
#859 = VERTEX_POINT ( 'NONE', #1784 ) ;
#860 = FACE_OUTER_BOUND ( 'NONE', #1063, .T. ) ;
#861 = EDGE_CURVE ( 'NONE', #563, #1867, #1505, .T. ) ;
#862 = CARTESIAN_POINT ( 'NONE',  ( 0.1968503937007873850, 8.878505979408855953E-16, 13.74901574803149629 ) ) ;
#863 = EDGE_CURVE ( 'NONE', #1230, #3277, #1233, .T. ) ;
#864 = ORIENTED_EDGE ( 'NONE', *, *, #130, .F. ) ;
#865 = DATE_TIME_ROLE ( 'classification_date' ) ;
#866 = DIRECTION ( 'NONE',  ( 0.000000000000000000, 0.000000000000000000, 1.000000000000000000 ) ) ;
#867 = EDGE_CURVE ( 'NONE', #2697, #543, #1495, .T. ) ;
#868 = AXIS2_PLACEMENT_3D ( 'NONE', #3614, #3275, #151 ) ;
#869 = ORIENTED_EDGE ( 'NONE', *, *, #2534, .F. ) ;
#870 = LINE ( 'NONE', #3426, #1555 ) ;
#871 = VECTOR ( 'NONE', #1767, 39.37007874015748143 ) ;
#872 = APPROVAL_DATE_TIME ( #1742, #1637 ) ;
#873 = ORIENTED_EDGE ( 'NONE', *, *, #541, .F. ) ;
#874 = DATE_TIME_ROLE ( 'classification_date' ) ;
#875 = APPROVAL ( #966, 'UNKNOWN' ) ;
#876 = CARTESIAN_POINT ( 'NONE',  ( -0.1968503937007874405, -0.4921259842519684624, 0.000000000000000000 ) ) ;
#877 = CARTESIAN_POINT ( 'NONE',  ( -0.1968503937007874405, 0.4921259842519686289, 19.68503937007874072 ) ) ;
#878 = DIRECTION ( 'NONE',  ( 0.000000000000000000, 0.000000000000000000, -1.000000000000000000 ) ) ;
#879 = AXIS2_PLACEMENT_3D ( 'NONE', #626, #1225, #1738 ) ;
#880 = VECTOR ( 'NONE', #3119, 39.37007874015748143 ) ;
#881 = DIRECTION ( 'NONE',  ( 0.000000000000000000, 0.000000000000000000, -1.000000000000000000 ) ) ;
#882 = ORIENTED_EDGE ( 'NONE', *, *, #1326, .T. ) ;
#883 = APPROVAL ( #3618, 'UNSPECIFIED' ) ;
#884 = CC_DESIGN_SECURITY_CLASSIFICATION ( #831, ( #3694 ) ) ;
#885 = CARTESIAN_POINT ( 'NONE',  ( 0.1968503937007873850, 1.229331597148918547E-15, 19.09448818897637778 ) ) ;
#886 = CC_DESIGN_SECURITY_CLASSIFICATION ( #44, ( #3087 ) ) ;
#887 = DIRECTION ( 'NONE',  ( -0.000000000000000000, -0.000000000000000000, 1.000000000000000000 ) ) ;
#888 = DIMENSIONAL_EXPONENTS ( 1.000000000000000000, 0.000000000000000000, 0.000000000000000000, 0.000000000000000000, 0.000000000000000000, 0.000000000000000000, 0.000000000000000000 ) ;
#889 = VECTOR ( 'NONE', #1857, 39.37007874015748143 ) ;
#890 = DIRECTION ( 'NONE',  ( -0.9464239941187299054, 0.3229266532145501079, 0.000000000000000000 ) ) ;
#891 = CIRCLE ( 'NONE', #3589, 0.1427165354330708624 ) ;
#892 = EDGE_LOOP ( 'NONE', ( #2840, #2032 ) ) ;
#893 = CARTESIAN_POINT ( 'NONE',  ( -0.05905511811023620578, 1.229331597148918547E-15, 19.09448818897637778 ) ) ;
#894 = VECTOR ( 'NONE', #1726, 39.37007874015748143 ) ;
#895 = COORDINATED_UNIVERSAL_TIME_OFFSET ( 5, 0, .BEHIND. ) ;
#896 = ORIENTED_EDGE ( 'NONE', *, *, #1757, .T. ) ;
#897 = APPROVAL_STATUS ( 'not_yet_approved' ) ;
#898 = DIRECTION ( 'NONE',  ( -1.000000000000000000, -0.000000000000000000, -0.000000000000000000 ) ) ;
#899 = FACE_OUTER_BOUND ( 'NONE', #1132, .T. ) ;
#900 = ORIENTED_EDGE ( 'NONE', *, *, #3682, .F. ) ;
#901 = DIRECTION ( 'NONE',  ( -1.000000000000000000, 0.000000000000000000, 0.000000000000000000 ) ) ;
#902 = CARTESIAN_POINT ( 'NONE',  ( -0.1968503937007874405, 0.4921259842519686289, 16.10236220472440749 ) ) ;
#903 = VERTEX_POINT ( 'NONE', #590 ) ;
#904 = FACE_BOUND ( 'NONE', #970, .T. ) ;
#905 = VECTOR ( 'NONE', #806, 39.37007874015748143 ) ;
#906 = ORIENTED_EDGE ( 'NONE', *, *, #1827, .F. ) ;
#907 = CARTESIAN_POINT ( 'NONE',  ( 0.1968503937007873850, -1.832148754629898243E-15, 0.5905511811023627100 ) ) ;
#908 = CONTEXT_DEPENDENT_SHAPE_REPRESENTATION ( #23, #1263 ) ;
#909 = ADVANCED_FACE ( 'NONE', ( #1276 ), #1822, .F. ) ;
#910 = ORIENTED_EDGE ( 'NONE', *, *, #3250, .F. ) ;
#911 = APPROVAL_ROLE ( '' ) ;
#912 = CARTESIAN_POINT ( 'NONE',  ( 0.1968503937007873850, -1.832148754629898243E-15, 0.5905511811023627100 ) ) ;
#913 = PLANE ( 'NONE',  #419 ) ;
#914 = EDGE_LOOP ( 'NONE', ( #3517, #747, #3475, #3436 ) ) ;
#915 = DIRECTION ( 'NONE',  ( -1.196361017915039486E-16, -1.000000000000000000, 0.000000000000000000 ) ) ;
#916 = EDGE_CURVE ( 'NONE', #1603, #563, #2015, .T. ) ;
#917 = FACE_OUTER_BOUND ( 'NONE', #2978, .T. ) ;
#918 = EDGE_CURVE ( 'NONE', #2980, #1892, #3453, .T. ) ;
#919 = CARTESIAN_POINT ( 'NONE',  ( 0.1968503937007873850, 8.878505979408855953E-16, 13.60629921259842590 ) ) ;
#920 = AXIS2_PLACEMENT_3D ( 'NONE', #697, #1219, #68 ) ;
#921 = APPROVAL ( #1992, 'UNSPECIFIED' ) ;
#922 = CARTESIAN_POINT ( 'NONE',  ( -0.1968503937007874405, -0.4921259842519684624, 0.000000000000000000 ) ) ;
#923 =( CONVERSION_BASED_UNIT ( 'INCH', #3479 ) LENGTH_UNIT ( ) NAMED_UNIT ( #1463 ) );
#924 = DIRECTION ( 'NONE',  ( -0.000000000000000000, -0.000000000000000000, -1.000000000000000000 ) ) ;
#925 = ORIENTED_EDGE ( 'NONE', *, *, #421, .T. ) ;
#926 = CALENDAR_DATE ( 2026, 1, 9 ) ;
#927 = VECTOR ( 'NONE', #529, 39.37007874015748143 ) ;
#928 = SECURITY_CLASSIFICATION ( '', '', #150 ) ;
#929 = ADVANCED_FACE ( 'NONE', ( #2589 ), #2610, .F. ) ;
#930 = DIRECTION ( 'NONE',  ( 0.000000000000000000, 0.000000000000000000, 1.000000000000000000 ) ) ;
#931 = DIRECTION ( 'NONE',  ( -1.000000000000000000, -0.000000000000000000, -0.000000000000000000 ) ) ;
#932 = VERTEX_POINT ( 'NONE', #1540 ) ;
#933 = FACE_OUTER_BOUND ( 'NONE', #1498, .T. ) ;
#934 = SECURITY_CLASSIFICATION ( '', '', #242 ) ;
#935 = DIRECTION ( 'NONE',  ( 0.000000000000000000, 0.000000000000000000, 1.000000000000000000 ) ) ;
#936 = EDGE_CURVE ( 'NONE', #2807, #3069, #1578, .T. ) ;
#937 = CARTESIAN_POINT ( 'NONE',  ( 0.08858267716535456193, 0.4921259842519686289, 0.000000000000000000 ) ) ;
#938 = DIRECTION ( 'NONE',  ( -1.000000000000000000, -0.000000000000000000, -0.000000000000000000 ) ) ;
#939 = CIRCLE ( 'NONE', #405, 0.1427165354330704461 ) ;
#940 = DIRECTION ( 'NONE',  ( 0.000000000000000000, 0.000000000000000000, -1.000000000000000000 ) ) ;
#941 = VERTEX_POINT ( 'NONE', #2722 ) ;
#942 = CARTESIAN_POINT ( 'NONE',  ( 0.1968503937007873850, 0.000000000000000000, 15.65452755905511673 ) ) ;
#943 = CC_DESIGN_SECURITY_CLASSIFICATION ( #2260, ( #3697 ) ) ;
#944 = DIRECTION ( 'NONE',  ( -0.8039554085720611587, -0.5946895837558702214, -3.818716196868918135E-18 ) ) ;
#945 = APPROVAL_PERSON_ORGANIZATION ( #2330, #3145, #911 ) ;
#946 = CARTESIAN_POINT ( 'NONE',  ( 0.05905511811023622659, -0.4921259842519686289, 1.181102362204712319 ) ) ;
#947 = COORDINATED_UNIVERSAL_TIME_OFFSET ( 5, 0, .BEHIND. ) ;
#948 = ORIENTED_EDGE ( 'NONE', *, *, #388, .F. ) ;
#949 = COORDINATED_UNIVERSAL_TIME_OFFSET ( 5, 0, .BEHIND. ) ;
#950 = VECTOR ( 'NONE', #1608, 39.37007874015748143 ) ;
#951 = DIRECTION ( 'NONE',  ( -0.000000000000000000, -0.000000000000000000, -1.000000000000000000 ) ) ;
#952 = CARTESIAN_POINT ( 'NONE',  ( 0.1968503937007873850, 0.4921259842519686289, 14.19685039370078883 ) ) ;
#953 = ORIENTED_EDGE ( 'NONE', *, *, #3612, .F. ) ;
#954 = LINE ( 'NONE', #3246, #3684 ) ;
#955 = AXIS2_PLACEMENT_3D ( 'NONE', #3278, #2587, #692 ) ;
#956 = DIRECTION ( 'NONE',  ( -1.000000000000000000, 0.000000000000000000, 0.000000000000000000 ) ) ;
#957 = FACE_OUTER_BOUND ( 'NONE', #1098, .T. ) ;
#958 = LINE ( 'NONE', #665, #793 ) ;
#959 = ADVANCED_BREP_SHAPE_REPRESENTATION ( '', ( #2136, #220 ), #1471 ) ;
#960 = CARTESIAN_POINT ( 'NONE',  ( 0.05905511811023622659, -1.814671019799547461E-15, 0.4478346456692929856 ) ) ;
#961 = DIRECTION ( 'NONE',  ( -0.000000000000000000, -0.000000000000000000, -1.000000000000000000 ) ) ;
#962 = DIRECTION ( 'NONE',  ( -1.390597411488003948E-16, 2.885607197488607988E-17, -1.000000000000000000 ) ) ;
#963 = VECTOR ( 'NONE', #1213, 39.37007874015748143 ) ;
#964 = ADVANCED_FACE ( 'NONE', ( #3177 ), #990, .F. ) ;
#965 = CARTESIAN_POINT ( 'NONE',  ( 0.08858267716535456193, 0.1427165354330681424, 0.5905511811023671509 ) ) ;
#966 = APPROVAL_STATUS ( 'not_yet_approved' ) ;
#967 = SECURITY_CLASSIFICATION_LEVEL ( 'unclassified' ) ;
#968 = CC_DESIGN_DATE_AND_TIME_ASSIGNMENT ( #1530, #2638, ( #2317 ) ) ;
#969 = FACE_OUTER_BOUND ( 'NONE', #1740, .T. ) ;
#970 = EDGE_LOOP ( 'NONE', ( #1589, #1120 ) ) ;
#971 = DIRECTION ( 'NONE',  ( -1.000000000000000000, -0.000000000000000000, -0.000000000000000000 ) ) ;
#972 = DIRECTION ( 'NONE',  ( -1.000000000000000000, -0.000000000000000000, -0.000000000000000000 ) ) ;
#973 = DIRECTION ( 'NONE',  ( -0.000000000000000000, -0.000000000000000000, 1.000000000000000000 ) ) ;
#974 = LINE ( 'NONE', #126, #1884 ) ;
#975 = EDGE_CURVE ( 'NONE', #528, #2980, #1184, .T. ) ;
#976 = EDGE_CURVE ( 'NONE', #729, #3064, #1377, .T. ) ;
#977 = CARTESIAN_POINT ( 'NONE',  ( 0.05905511811023622659, -0.4921259842519686289, 1.181102362204712319 ) ) ;
#978 = EDGE_CURVE ( 'NONE', #3298, #514, #682, .T. ) ;
#979 = CARTESIAN_POINT ( 'NONE',  ( -0.05905511811023622659, 0.4921259842519686289, 13.01574803149607718 ) ) ;
#980 = APPROVAL_ROLE ( '' ) ;
#981 = CARTESIAN_POINT ( 'NONE',  ( 0.1968503937007873850, 0.000000000000000000, 15.65452755905511673 ) ) ;
#982 = DATE_AND_TIME ( #2112, #1668 ) ;
#983 = CC_DESIGN_APPROVAL ( #1946, ( #1646 ) ) ;
#984 = DIRECTION ( 'NONE',  ( 1.000000000000000000, 0.000000000000000000, 0.000000000000000000 ) ) ;
#985 = ORIENTED_EDGE ( 'NONE', *, *, #537, .F. ) ;
#986 = ORIENTED_EDGE ( 'NONE', *, *, #519, .F. ) ;
#987 = DIRECTION ( 'NONE',  ( 1.000000000000000000, 0.000000000000000000, 0.000000000000000000 ) ) ;
#988 = CC_DESIGN_PERSON_AND_ORGANIZATION_ASSIGNMENT ( #2839, #1964, ( #934 ) ) ;
#989 = CARTESIAN_POINT ( 'NONE',  ( -0.05905511811023622659, -0.4921259842519686289, 0.000000000000000000 ) ) ;
#990 = CYLINDRICAL_SURFACE ( 'NONE', #1675, 0.1427165354330708624 ) ;
#991 = CARTESIAN_POINT ( 'NONE',  ( -0.05905511811023622659, -0.4921259842519686289, 13.01574803149607718 ) ) ;
#992 = PRODUCT_DEFINITION_SHAPE ( 'NONE', 'NONE',  #3700 ) ;
#993 = LOCAL_TIME ( 9, 14, 3.000000000000000000, #3347 ) ;
#994 = CC_DESIGN_APPROVAL ( #2427, ( #934 ) ) ;
#995 = UNCERTAINTY_MEASURE_WITH_UNIT (LENGTH_MEASURE( 1.000000000000000082E-05 ), #3438, 'distance_accuracy_value', 'NONE');
#996 = CARTESIAN_POINT ( 'NONE',  ( -0.05905511811023622659, -0.4921259842519686289, 0.000000000000000000 ) ) ;
#997 = ADVANCED_FACE ( 'NONE', ( #3529, #957 ), #3265, .F. ) ;
#998 = CARTESIAN_POINT ( 'NONE',  ( 0.05905511811023622659, -1.832148754629898243E-15, 0.7332677165354325455 ) ) ;
#999 = ORIENTED_EDGE ( 'NONE', *, *, #3, .F. ) ;
#1000 = VECTOR ( 'NONE', #1958, 39.37007874015748143 ) ;
#1001 = DATE_TIME_ROLE ( 'classification_date' ) ;
#1002 = DIRECTION ( 'NONE',  ( -1.000000000000000000, 0.000000000000000000, -0.000000000000000000 ) ) ;
#1003 = LOCAL_TIME ( 9, 14, 3.000000000000000000, #2278 ) ;
#1004 = VERTEX_POINT ( 'NONE', #2105 ) ;
#1005 = VERTEX_POINT ( 'NONE', #719 ) ;
#1006 = LINE ( 'NONE', #2150, #1 ) ;
#1007 = ORIENTED_EDGE ( 'NONE', *, *, #3625, .T. ) ;
#1008 = PERSON_AND_ORGANIZATION ( #2338, #2784 ) ;
#1009 = CIRCLE ( 'NONE', #3108, 0.1427165354330704461 ) ;
#1010 = CARTESIAN_POINT ( 'NONE',  ( 0.1968503937007873850, -0.4921259842519684624, 14.19685039370078883 ) ) ;
#1011 = CIRCLE ( 'NONE', #2750, 0.1427165354330708624 ) ;
#1012 = CARTESIAN_POINT ( 'NONE',  ( -0.05905511811023620578, 1.747773483035079435E-17, 15.36909448818897594 ) ) ;
#1013 = ORIENTED_EDGE ( 'NONE', *, *, #400, .T. ) ;
#1014 = CIRCLE ( 'NONE', #277, 0.1427165354330697800 ) ;
#1015 = CARTESIAN_POINT ( 'NONE',  ( 0.05905511811023622659, 0.4921259842519686289, 1.181102362204712319 ) ) ;
#1016 = DIRECTION ( 'NONE',  ( 1.000000000000000000, -0.000000000000000000, 0.000000000000000000 ) ) ;
#1017 = ORIENTED_EDGE ( 'NONE', *, *, #2745, .F. ) ;
#1018 = ORIENTED_EDGE ( 'NONE', *, *, #2819, .F. ) ;
#1019 = DATE_TIME_ROLE ( 'creation_date' ) ;
#1020 = ITEM_DEFINED_TRANSFORMATION ( 'NONE', 'NONE', #2849,  #220 ) ;
#1021 = CIRCLE ( 'NONE', #2050, 0.1427165354330708624 ) ;
#1022 = DIRECTION ( 'NONE',  ( 1.000000000000000000, -0.000000000000000000, 0.000000000000000000 ) ) ;
#1023 = ADVANCED_FACE ( 'NONE', ( #2036 ), #417, .F. ) ;
#1024 = ORIENTED_EDGE ( 'NONE', *, *, #1303, .T. ) ;
#1025 = CARTESIAN_POINT ( 'NONE',  ( -0.1377952755905511861, 0.000000000000000000, 0.3937007874015748254 ) ) ;
#1026 = ADVANCED_FACE ( 'NONE', ( #2410 ), #397, .F. ) ;
#1027 = ORIENTED_EDGE ( 'NONE', *, *, #2641, .F. ) ;
#1028 = DATE_AND_TIME ( #781, #993 ) ;
#1029 = EDGE_LOOP ( 'NONE', ( #3578, #2636, #864, #896 ) ) ;
#1030 = DIRECTION ( 'NONE',  ( -1.000000000000000000, 0.000000000000000000, 0.000000000000000000 ) ) ;
#1031 = DIRECTION ( 'NONE',  ( -1.000000000000000000, 0.000000000000000000, 0.000000000000000000 ) ) ;
#1032 = ORIENTED_EDGE ( 'NONE', *, *, #2521, .F. ) ;
#1033 = EDGE_CURVE ( 'NONE', #2526, #2174, #1258, .T. ) ;
#1034 = DIRECTION ( 'NONE',  ( 0.000000000000000000, 0.000000000000000000, 1.000000000000000000 ) ) ;
#1035 = CARTESIAN_POINT ( 'NONE',  ( -0.05905511811023622659, 0.4921259842519686289, 19.68503937007874072 ) ) ;
#1036 = CC_DESIGN_DATE_AND_TIME_ASSIGNMENT ( #1554, #2619, ( #2252 ) ) ;
#1037 = EDGE_LOOP ( 'NONE', ( #342, #3094, #1352, #2766 ) ) ;
#1038 = ORIENTED_EDGE ( 'NONE', *, *, #3252, .F. ) ;
#1039 = APPROVAL_ROLE ( '' ) ;
#1040 = AXIS2_PLACEMENT_3D ( 'NONE', #3547, #1524, #1771 ) ;
#1041 = PERSON_AND_ORGANIZATION ( #3687, #1477 ) ;
#1042 = DIRECTION ( 'NONE',  ( 1.196361017915048607E-16, -1.000000000000000000, 0.000000000000000000 ) ) ;
#1043 = ORIENTED_EDGE ( 'NONE', *, *, #3252, .T. ) ;
#1044 = CARTESIAN_POINT ( 'NONE',  ( -0.1968503937007874405, -6.829619984160658046E-16, 0.7332677165354336557 ) ) ;
#1045 = VERTEX_POINT ( 'NONE', #2702 ) ;
#1046 = APPROVAL_STATUS ( 'not_yet_approved' ) ;
#1047 = EDGE_CURVE ( 'NONE', #168, #1234, #544, .T. ) ;
#1048 = DIRECTION ( 'NONE',  ( 0.000000000000000000, 0.000000000000000000, -1.000000000000000000 ) ) ;
#1049 = DIRECTION ( 'NONE',  ( 0.000000000000000000, 0.000000000000000000, 1.000000000000000000 ) ) ;
#1050 = ORIENTED_EDGE ( 'NONE', *, *, #2344, .F. ) ;
#1051 = DIRECTION ( 'NONE',  ( 0.000000000000000000, 0.000000000000000000, -1.000000000000000000 ) ) ;
#1052 =( GEOMETRIC_REPRESENTATION_CONTEXT ( 3 ) GLOBAL_UNCERTAINTY_ASSIGNED_CONTEXT ( ( #995 ) ) GLOBAL_UNIT_ASSIGNED_CONTEXT ( ( #3438, #1131, #2273 ) ) REPRESENTATION_CONTEXT ( 'NONE', 'WORKASPACE' ) );
#1053 = CARTESIAN_POINT ( 'NONE',  ( -0.08858267716535414560, 0.4921259842519686289, 0.000000000000000000 ) ) ;
#1054 = CARTESIAN_POINT ( 'NONE',  ( -0.05905511811023620578, 1.229331597148918547E-15, 19.09448818897637778 ) ) ;
#1055 = ORIENTED_EDGE ( 'NONE', *, *, #148, .T. ) ;
#1056 = ORIENTED_EDGE ( 'NONE', *, *, #1827, .T. ) ;
#1057 = COORDINATED_UNIVERSAL_TIME_OFFSET ( 5, 0, .BEHIND. ) ;
#1058 = AXIS2_PLACEMENT_3D ( 'NONE', #3389, #615, #599 ) ;
#1060 = EDGE_CURVE ( 'NONE', #3069, #3221, #1009, .T. ) ;
#1059 = SECURITY_CLASSIFICATION_LEVEL ( 'unclassified' ) ;
#1061 = DIRECTION ( 'NONE',  ( 0.000000000000000000, 0.000000000000000000, -1.000000000000000000 ) ) ;
#1062 = VECTOR ( 'NONE', #1613, 39.37007874015748143 ) ;
#1063 = EDGE_LOOP ( 'NONE', ( #2716, #1719, #1264, #2482 ) ) ;
#1064 = CARTESIAN_POINT ( 'NONE',  ( -0.05905511811023622659, -0.4921259842519686289, 1.181102362204712319 ) ) ;
#1065 = APPROVAL_PERSON_ORGANIZATION ( #2388, #1941, #1500 ) ;
#1066 = ORIENTED_EDGE ( 'NONE', *, *, #817, .F. ) ;
#1067 = CALENDAR_DATE ( 2026, 1, 9 ) ;
#1068 = CARTESIAN_POINT ( 'NONE',  ( 0.08858267716535431213, 0.4921259842519686289, 23.62204724409448886 ) ) ;
#1069 = APPROVAL_PERSON_ORGANIZATION ( #3375, #425, #1952 ) ;
#1070 = DIRECTION ( 'NONE',  ( -0.000000000000000000, -0.000000000000000000, -1.000000000000000000 ) ) ;
#1071 = ORIENTED_EDGE ( 'NONE', *, *, #3462, .F. ) ;
#1072 = ORIENTED_EDGE ( 'NONE', *, *, #2287, .F. ) ;
#1073 = VECTOR ( 'NONE', #1601, 39.37007874015748143 ) ;
#1074 = AXIS2_PLACEMENT_3D ( 'NONE', #36, #1169, #821 ) ;
#1075 = PLANE ( 'NONE',  #718 ) ;
#1076 = CARTESIAN_POINT ( 'NONE',  ( 0.08858267716535427050, 1.075665147505300468E-17, 23.03149606299213303 ) ) ;
#1077 = CIRCLE ( 'NONE', #3174, 0.1427165354330696967 ) ;
#1078 = VERTEX_POINT ( 'NONE', #1434 ) ;
#1079 = ORIENTED_EDGE ( 'NONE', *, *, #2801, .F. ) ;
#1080 = APPROVAL_ROLE ( '' ) ;
#1081 = ADVANCED_FACE ( 'NONE', ( #3680, #2222, #1409 ), #850, .F. ) ;
#1082 = ADVANCED_FACE ( 'NONE', ( #833, #3120 ), #1998, .F. ) ;
#1083 = VERTEX_POINT ( 'NONE', #559 ) ;
#1084 = LINE ( 'NONE', #1666, #337 ) ;
#1085 = ORIENTED_EDGE ( 'NONE', *, *, #2300, .F. ) ;
#1086 = SECURITY_CLASSIFICATION_LEVEL ( 'unclassified' ) ;
#1087 = APPROVAL ( #2997, 'UNKNOWN' ) ;
#1088 = VECTOR ( 'NONE', #2866, 39.37007874015748143 ) ;
#1089 = CARTESIAN_POINT ( 'NONE',  ( 0.1968503937007873850, -1.832148754629898243E-15, 0.7332677165354325455 ) ) ;
#1090 = CARTESIAN_POINT ( 'NONE',  ( -0.05905511811023622659, -0.4921259842519686289, 13.01574803149607718 ) ) ;
#1091 = VERTEX_POINT ( 'NONE', #539 ) ;
#1092 = ORIENTED_EDGE ( 'NONE', *, *, #2400, .T. ) ;
#1093 = VECTOR ( 'NONE', #2531, 39.37007874015748143 ) ;
#1094 = LINE ( 'NONE', #215, #1978 ) ;
#1095 = ADVANCED_FACE ( 'NONE', ( #1096 ), #1693, .F. ) ;
#1096 = FACE_OUTER_BOUND ( 'NONE', #476, .T. ) ;
#1097 = ADVANCED_FACE ( 'NONE', ( #2571, #291 ), #1679, .F. ) ;
#1098 = EDGE_LOOP ( 'NONE', ( #245, #3573, #1072, #1199 ) ) ;
#1099 = EDGE_CURVE ( 'NONE', #3187, #561, #501, .T. ) ;
#1100 = EDGE_CURVE ( 'NONE', #464, #1735, #1981, .T. ) ;
#1101 = ORIENTED_EDGE ( 'NONE', *, *, #255, .F. ) ;
#1102 = CARTESIAN_POINT ( 'NONE',  ( -0.05905511811023622659, -0.4921259842519686289, 18.50393700787402906 ) ) ;
#1103 = CALENDAR_DATE ( 2026, 1, 9 ) ;
#1104 = ORIENTED_EDGE ( 'NONE', *, *, #3330, .T. ) ;
#1105 = APPROVAL_DATE_TIME ( #304, #34 ) ;
#1106 = PLANE ( 'NONE',  #1989 ) ;
#1107 = CARTESIAN_POINT ( 'NONE',  ( -0.1968503937007874405, 0.4921259842519686289, 16.10236220472440749 ) ) ;
#1108 = LINE ( 'NONE', #1395, #3230 ) ;
#1109 = CARTESIAN_POINT ( 'NONE',  ( 0.1968503937007873850, -1.024442997624098658E-15, 0.7332677165354336557 ) ) ;
#1110 = DIRECTION ( 'NONE',  ( 0.000000000000000000, 0.000000000000000000, 1.000000000000000000 ) ) ;
#1111 = AXIS2_PLACEMENT_3D ( 'NONE', #3600, #2483, #2426 ) ;
#1112 = ORIENTED_EDGE ( 'NONE', *, *, #3466, .F. ) ;
#1113 = AXIS2_PLACEMENT_3D ( 'NONE', #351, #2895, #3495 ) ;
#1114 = APPROVAL ( #176, 'UNSPECIFIED' ) ;
#1115 = PRODUCT_DEFINITION_SHAPE ( 'NONE', 'NONE',  #1588 ) ;
#1116 = ORIENTED_EDGE ( 'NONE', *, *, #2355, .F. ) ;
#1117 = ORIENTED_EDGE ( 'NONE', *, *, #2204, .T. ) ;
#1118 = LINE ( 'NONE', #2861, #298 ) ;
#1119 = COORDINATED_UNIVERSAL_TIME_OFFSET ( 5, 0, .BEHIND. ) ;
#1120 = ORIENTED_EDGE ( 'NONE', *, *, #1047, .F. ) ;
#1121 = MECHANICAL_CONTEXT ( 'NONE', #43, 'mechanical' ) ;
#1122 = DIRECTION ( 'NONE',  ( -1.000000000000000000, -0.000000000000000000, -0.000000000000000000 ) ) ;
#1123 = DIRECTION ( 'NONE',  ( -1.000000000000000000, 0.000000000000000000, -0.000000000000000000 ) ) ;
#1124 = DIRECTION ( 'NONE',  ( -0.000000000000000000, -0.000000000000000000, -1.000000000000000000 ) ) ;
#1125 = ORGANIZATION ( 'NAUO-ORG5', 'UNSPECIFIED', 'UNSPECIFIED' ) ;
#1126 = DIRECTION ( 'NONE',  ( 1.000000000000000000, 0.000000000000000000, 0.000000000000000000 ) ) ;
#1127 = DIRECTION ( 'NONE',  ( -1.000000000000000000, 0.000000000000000000, 0.000000000000000000 ) ) ;
#1128 = CLOSED_SHELL ( 'NONE', ( #929, #1996, #2667, #1378, #2384, #3642, #1081, #752, #1979, #2257, #1026, #753, #1097, #1713, #3691, #1469, #1934, #3322, #2813, #666, #677, #3478 ) ) ;
#1129 = EDGE_LOOP ( 'NONE', ( #482, #2498, #1626, #2041 ) ) ;
#1130 = AXIS2_PLACEMENT_3D ( 'NONE', #1076, #14, #2271 ) ;
#1131 =( NAMED_UNIT ( * ) PLANE_ANGLE_UNIT ( ) SI_UNIT ( $, .RADIAN. ) );
#1132 = EDGE_LOOP ( 'NONE', ( #278, #3440, #669, #740 ) ) ;
#1133 = CARTESIAN_POINT ( 'NONE',  ( 0.1968503937007873850, -0.4921259842519684624, 16.10236220472440749 ) ) ;
#1134 = CONTEXT_DEPENDENT_SHAPE_REPRESENTATION ( #2527, #2422 ) ;
#1135 = ORIENTED_EDGE ( 'NONE', *, *, #2909, .F. ) ;
#1136 = COORDINATED_UNIVERSAL_TIME_OFFSET ( 5, 0, .BEHIND. ) ;
#1137 = EDGE_CURVE ( 'NONE', #394, #1287, #1497, .T. ) ;
#1138 = DIRECTION ( 'NONE',  ( 0.000000000000000000, 0.000000000000000000, 1.000000000000000000 ) ) ;
#1139 = EDGE_CURVE ( 'NONE', #1955, #2896, #838, .T. ) ;
#1140 = DIRECTION ( 'NONE',  ( -1.000000000000000000, -0.000000000000000000, -0.000000000000000000 ) ) ;
#1141 = ORIENTED_EDGE ( 'NONE', *, *, #1159, .T. ) ;
#1142 = VECTOR ( 'NONE', #3242, 39.37007874015748143 ) ;
#1143 = DIRECTION ( 'NONE',  ( -1.000000000000000000, 0.000000000000000000, 0.000000000000000000 ) ) ;
#1144 = LINE ( 'NONE', #2797, #2752 ) ;
#1145 = EDGE_CURVE ( 'NONE', #1078, #903, #216, .T. ) ;
#1146 = ORIENTED_EDGE ( 'NONE', *, *, #433, .F. ) ;
#1147 = CC_DESIGN_DATE_AND_TIME_ASSIGNMENT ( #358, #2346, ( #1588 ) ) ;
#1148 = DATE_AND_TIME ( #3628, #2971 ) ;
#1149 = DIRECTION ( 'NONE',  ( 0.000000000000000000, 1.000000000000000000, 0.000000000000000000 ) ) ;
#1150 = ORIENTED_EDGE ( 'NONE', *, *, #3330, .F. ) ;
#1151 = DIRECTION ( 'NONE',  ( -1.000000000000000000, -1.214306433183765213E-16, -0.000000000000000000 ) ) ;
#1152 = DATE_AND_TIME ( #3164, #3342 ) ;
#1153 = EDGE_LOOP ( 'NONE', ( #2075, #873, #1634, #1071 ) ) ;
#1154 = PERSON_AND_ORGANIZATION ( #2338, #2784 ) ;
#1155 = PRODUCT_RELATED_PRODUCT_CATEGORY ( 'detail', '', ( #256 ) ) ;
#1156 = CARTESIAN_POINT ( 'NONE',  ( -0.1968503937007874405, 8.878505979408855953E-16, 13.74901574803149629 ) ) ;
#1157 = DIRECTION ( 'NONE',  ( 0.000000000000000000, -1.000000000000000000, 0.000000000000000000 ) ) ;
#1158 = CYLINDRICAL_SURFACE ( 'NONE', #834, 0.1427165354330697800 ) ;
#1159 = EDGE_CURVE ( 'NONE', #71, #2467, #1144, .T. ) ;
#1160 = DIRECTION ( 'NONE',  ( 0.000000000000000000, 0.000000000000000000, 1.000000000000000000 ) ) ;
#1161 = SECURITY_CLASSIFICATION ( '', '', #3611 ) ;
#1162 = CARTESIAN_POINT ( 'NONE',  ( -0.05905511811023622659, -0.4921259842519686289, 1.181102362204712319 ) ) ;
#1163 = LINE ( 'NONE', #2305, #2429 ) ;
#1164 = AXIS2_PLACEMENT_3D ( 'NONE', #1227, #649, #2057 ) ;
#1165 = CARTESIAN_POINT ( 'NONE',  ( 57.28482156185416585, 23.81188474100378016, 50.00927037351000592 ) ) ;
#1166 = CC_DESIGN_APPROVAL ( #1226, ( #344 ) ) ;
#1167 = ORIENTED_EDGE ( 'NONE', *, *, #3193, .T. ) ;
#1168 = EDGE_CURVE ( 'NONE', #2824, #3469, #1638, .T. ) ;
#1169 = DIRECTION ( 'NONE',  ( 1.000000000000000000, 0.000000000000000000, 0.000000000000000000 ) ) ;
#1170 = COORDINATED_UNIVERSAL_TIME_OFFSET ( 5, 0, .BEHIND. ) ;
#1171 = ORGANIZATION ( 'NAUO-ORG11', 'UNSPECIFIED', 'UNSPECIFIED' ) ;
#1172 = EDGE_LOOP ( 'NONE', ( #2407, #47, #3176, #2359 ) ) ;
#1173 = APPLICATION_PROTOCOL_DEFINITION ( 'international standard', 'config_control_design', 1994, #424 ) ;
#1174 = DIMENSIONAL_EXPONENTS ( 1.000000000000000000, 0.000000000000000000, 0.000000000000000000, 0.000000000000000000, 0.000000000000000000, 0.000000000000000000, 0.000000000000000000 ) ;
#1175 = CARTESIAN_POINT ( 'NONE',  ( 0.1968503937007873850, -1.024442997624098658E-15, 0.7332677165354336557 ) ) ;
#1176 = DIRECTION ( 'NONE',  ( 1.000000000000000000, 0.000000000000000000, 0.000000000000000000 ) ) ;
#1177 = ORIENTED_EDGE ( 'NONE', *, *, #3525, .T. ) ;
#1178 = CARTESIAN_POINT ( 'NONE',  ( -0.1968503937007874405, -0.4921259842519684624, 16.10236220472440749 ) ) ;
#1179 = VECTOR ( 'NONE', #2569, 39.37007874015748143 ) ;
#1180 = LINE ( 'NONE', #3132, #596 ) ;
#1181 = ORIENTED_EDGE ( 'NONE', *, *, #2801, .T. ) ;
#1182 = LOCAL_TIME ( 9, 14, 3.000000000000000000, #319 ) ;
#1183 = APPLICATION_CONTEXT ( 'configuration controlled 3d designs of mechanical parts and assemblies' ) ;
#1184 = LINE ( 'NONE', #2120, #716 ) ;
#1185 = APPROVAL_PERSON_ORGANIZATION ( #2528, #34, #2865 ) ;
#1186 = FACE_OUTER_BOUND ( 'NONE', #3372, .T. ) ;
#1187 = VECTOR ( 'NONE', #1837, 39.37007874015748143 ) ;
#1188 = AXIS2_PLACEMENT_3D ( 'NONE', #2235, #2494, #1034 ) ;
#1189 = EDGE_CURVE ( 'NONE', #514, #2169, #2820, .T. ) ;
#1190 = EDGE_LOOP ( 'NONE', ( #2232, #2326, #2006, #3085 ) ) ;
#1191 = DIRECTION ( 'NONE',  ( 1.196361017915048607E-16, -1.000000000000000000, 0.000000000000000000 ) ) ;
#1192 = COORDINATED_UNIVERSAL_TIME_OFFSET ( 5, 0, .BEHIND. ) ;
#1193 = EDGE_LOOP ( 'NONE', ( #2946, #2116 ) ) ;
#1194 = COORDINATED_UNIVERSAL_TIME_OFFSET ( 5, 0, .BEHIND. ) ;
#1195 = EDGE_CURVE ( 'NONE', #1427, #2151, #3134, .T. ) ;
#1196 = EDGE_CURVE ( 'NONE', #1703, #2526, #2496, .T. ) ;
#1197 = DIRECTION ( 'NONE',  ( 0.000000000000000000, 0.000000000000000000, 1.000000000000000000 ) ) ;
#1198 = DIRECTION ( 'NONE',  ( 1.387778780781445676E-16, -1.000000000000000000, 0.000000000000000000 ) ) ;
#1199 = ORIENTED_EDGE ( 'NONE', *, *, #1531, .T. ) ;
#1200 = DIRECTION ( 'NONE',  ( -1.000000000000000000, -0.000000000000000000, -0.000000000000000000 ) ) ;
#1201 = APPROVAL ( #2884, 'UNKNOWN' ) ;
#1202 = LINE ( 'NONE', #3505, #1304 ) ;
#1203 = ORIENTED_EDGE ( 'NONE', *, *, #2975, .T. ) ;
#1204 = CARTESIAN_POINT ( 'NONE',  ( -0.05905511811023622659, 0.4921259842519686289, 1.181102362204712319 ) ) ;
#1205 = LINE ( 'NONE', #3511, #1362 ) ;
#1206 = ADVANCED_FACE ( 'NONE', ( #3646 ), #2535, .F. ) ;
#1207 = SHAPE_REPRESENTATION_RELATIONSHIP ( 'NONE' , 'NONE' ,  #2371, #959 ) ;
#1208 = ADVANCED_FACE ( 'NONE', ( #3228 ), #713, .F. ) ;
#1209 = DIRECTION ( 'NONE',  ( 0.000000000000000000, 0.000000000000000000, 1.000000000000000000 ) ) ;
#1210 = DATE_AND_TIME ( #94, #1606 ) ;
#1211 = ORIENTED_EDGE ( 'NONE', *, *, #2748, .T. ) ;
#1212 = APPLICATION_PROTOCOL_DEFINITION ( 'international standard', 'config_control_design', 1994, #667 ) ;
#1213 = DIRECTION ( 'NONE',  ( -0.000000000000000000, -0.000000000000000000, -1.000000000000000000 ) ) ;
#1214 = CARTESIAN_POINT ( 'NONE',  ( -0.05905511811023622659, -0.4921259842519686289, 19.68503937007874072 ) ) ;
#1215 = ORIENTED_EDGE ( 'NONE', *, *, #2581, .T. ) ;
#1216 = LINE ( 'NONE', #2925, #1700 ) ;
#1217 = CARTESIAN_POINT ( 'NONE',  ( 0.000000000000000000, 0.000000000000000000, 0.000000000000000000 ) ) ;
#1218 = CARTESIAN_POINT ( 'NONE',  ( 0.1968503937007873850, -1.814671019799547461E-15, 0.4478346456692929856 ) ) ;
#1219 = DIRECTION ( 'NONE',  ( 0.000000000000000000, 0.000000000000000000, 1.000000000000000000 ) ) ;
#1220 = CIRCLE ( 'NONE', #2660, 0.1427165354330708624 ) ;
#1221 = ORIENTED_EDGE ( 'NONE', *, *, #443, .F. ) ;
#1222 = PERSON ( 'NAUO-PER9', 'UNSPECIFIED', 'UNSPECIFIED', ('UNSPECIFIED'), ('UNSPECIFIED'), ('UNSPECIFIED') ) ;
#1223 = DIRECTION ( 'NONE',  ( 0.000000000000000000, 1.000000000000000000, 0.000000000000000000 ) ) ;
#1224 = ORIENTED_EDGE ( 'NONE', *, *, #1262, .F. ) ;
#1225 = DIRECTION ( 'NONE',  ( 0.000000000000000000, -1.000000000000000000, 0.000000000000000000 ) ) ;
#1226 = APPROVAL ( #1369, 'UNSPECIFIED' ) ;
#1227 = CARTESIAN_POINT ( 'NONE',  ( 49.38090365994614217, 34.88705788017684739, 50.24348970688732408 ) ) ;
#1228 = DIRECTION ( 'NONE',  ( -1.000000000000000000, 0.000000000000000000, 0.000000000000000000 ) ) ;
#1229 = COORDINATED_UNIVERSAL_TIME_OFFSET ( 5, 0, .BEHIND. ) ;
#1230 = VERTEX_POINT ( 'NONE', #101 ) ;
#1231 = PERSON_AND_ORGANIZATION_ROLE ( 'classification_officer' ) ;
#1232 = LINE ( 'NONE', #2100, #1142 ) ;
#1233 = LINE ( 'NONE', #2369, #1736 ) ;
#1234 = VERTEX_POINT ( 'NONE', #2081 ) ;
#1235 = APPROVAL_PERSON_ORGANIZATION ( #2518, #721, #1715 ) ;
#1236 = LINE ( 'NONE', #1560, #2570 ) ;
#1237 = APPLICATION_CONTEXT ( 'configuration controlled 3d designs of mechanical parts and assemblies' ) ;
#1238 = LINE ( 'NONE', #415, #3401 ) ;
#1239 = DIRECTION ( 'NONE',  ( -1.000000000000000000, -0.000000000000000000, -0.000000000000000000 ) ) ;
#1240 = VECTOR ( 'NONE', #2416, 39.37007874015748143 ) ;
#1241 = VECTOR ( 'NONE', #3490, 39.37007874015748143 ) ;
#1242 = DIRECTION ( 'NONE',  ( -0.000000000000000000, -0.000000000000000000, 1.000000000000000000 ) ) ;
#1243 = FACE_OUTER_BOUND ( 'NONE', #1332, .T. ) ;
#1244 = CC_DESIGN_SECURITY_CLASSIFICATION ( #3229, ( #1730 ) ) ;
#1245 = CARTESIAN_POINT ( 'NONE',  ( 72.75161459255303953, 34.82676277849541435, 50.50923773838339059 ) ) ;
#1246 = LOCAL_TIME ( 9, 14, 3.000000000000000000, #1518 ) ;
#1247 = DIRECTION ( 'NONE',  ( -1.000000000000000000, -0.000000000000000000, -0.000000000000000000 ) ) ;
#1248 = CIRCLE ( 'NONE', #3171, 0.1377952755905511861 ) ;
#1249 = CALENDAR_DATE ( 2026, 1, 9 ) ;
#1250 = VECTOR ( 'NONE', #3141, 39.37007874015748143 ) ;
#1251 = CARTESIAN_POINT ( 'NONE',  ( -0.1968503937007874405, -0.4921259842519684624, 0.000000000000000000 ) ) ;
#1252 = VECTOR ( 'NONE', #2945, 39.37007874015748143 ) ;
#1253 = VERTEX_POINT ( 'NONE', #1448 ) ;
#1254 = FACE_OUTER_BOUND ( 'NONE', #1285, .T. ) ;
#1255 = EDGE_CURVE ( 'NONE', #3314, #729, #2372, .T. ) ;
#1256 = EDGE_CURVE ( 'NONE', #180, #208, #2095, .T. ) ;
#1257 = CARTESIAN_POINT ( 'NONE',  ( -0.05905511811023622659, -0.4921259842519686289, 18.50393700787402906 ) ) ;
#1258 = LINE ( 'NONE', #3546, #2146 ) ;
#1259 = CARTESIAN_POINT ( 'NONE',  ( -0.05905511811023620578, -6.829619984160658046E-16, 0.5905511811023627100 ) ) ;
#1260 = LINE ( 'NONE', #108, #545 ) ;
#1261 = CARTESIAN_POINT ( 'NONE',  ( 0.1968503937007873850, 1.246809331979269329E-15, 18.95177165354330739 ) ) ;
#1262 = EDGE_CURVE ( 'NONE', #71, #1792, #1236, .T. ) ;
#1263 = PRODUCT_DEFINITION_SHAPE ( 'NONE', 'NONE',  #3697 ) ;
#1264 = ORIENTED_EDGE ( 'NONE', *, *, #2517, .F. ) ;
#1265 = PERSON_AND_ORGANIZATION ( #2338, #2784 ) ;
#1266 = AXIS2_PLACEMENT_3D ( 'NONE', #2077, #3467, #3224 ) ;
#1267 = CC_DESIGN_PERSON_AND_ORGANIZATION_ASSIGNMENT ( #856, #3167, ( #2987 ) ) ;
#1268 = CARTESIAN_POINT ( 'NONE',  ( -0.1968503937007874405, 0.4921259842519686289, 14.19685039370078883 ) ) ;
#1269 = COORDINATED_UNIVERSAL_TIME_OFFSET ( 5, 0, .BEHIND. ) ;
#1270 = AXIS2_PLACEMENT_3D ( 'NONE', #398, #1541, #2683 ) ;
#1271 = ORIENTED_EDGE ( 'NONE', *, *, #16, .T. ) ;
#1272 = ORIENTED_EDGE ( 'NONE', *, *, #1840, .T. ) ;
#1273 = DIRECTION ( 'NONE',  ( -1.000000000000000000, -0.000000000000000000, -0.000000000000000000 ) ) ;
#1274 = CC_DESIGN_DATE_AND_TIME_ASSIGNMENT ( #1028, #1593, ( #455 ) ) ;
#1275 = DIRECTION ( 'NONE',  ( 0.000000000000000000, 0.000000000000000000, 1.000000000000000000 ) ) ;
#1276 = FACE_OUTER_BOUND ( 'NONE', #1984, .T. ) ;
#1277 = CARTESIAN_POINT ( 'NONE',  ( -0.1968503937007874405, 0.4921259842519686289, 1.181102362204724310 ) ) ;
#1278 = CARTESIAN_POINT ( 'NONE',  ( -0.1968503937007874405, -0.4921259842519684624, 19.68503937007874072 ) ) ;
#1279 = CARTESIAN_POINT ( 'NONE',  ( -0.1968503937007874405, 0.4921259842519686289, 22.44094488188977721 ) ) ;
#1280 = ORIENTED_EDGE ( 'NONE', *, *, #3598, .F. ) ;
#1281 = PERSON_AND_ORGANIZATION_ROLE ( 'classification_officer' ) ;
#1282 = SECURITY_CLASSIFICATION_LEVEL ( 'unclassified' ) ;
#1283 = LINE ( 'NONE', #3056, #2968 ) ;
#1284 = ORIENTED_EDGE ( 'NONE', *, *, #863, .T. ) ;
#1285 = EDGE_LOOP ( 'NONE', ( #3498, #1756, #160, #1365 ) ) ;
#1286 = CARTESIAN_POINT ( 'NONE',  ( 0.1968503937007873850, 0.000000000000000000, 15.51181102362204633 ) ) ;
#1287 = VERTEX_POINT ( 'NONE', #395 ) ;
#1288 = DATE_AND_TIME ( #437, #1472 ) ;
#1289 = ORIENTED_EDGE ( 'NONE', *, *, #1696, .F. ) ;
#1290 = CARTESIAN_POINT ( 'NONE',  ( 0.1968503937007873850, -0.4921259842519684624, 0.000000000000000000 ) ) ;
#1291 = LOCAL_TIME ( 9, 14, 3.000000000000000000, #2822 ) ;
#1292 = CARTESIAN_POINT ( 'NONE',  ( -0.05905511811023620578, 0.000000000000000000, 15.51181102362204633 ) ) ;
#1293 = ORIENTED_EDGE ( 'NONE', *, *, #1492, .F. ) ;
#1294 = LOCAL_TIME ( 9, 14, 3.000000000000000000, #769 ) ;
#1295 = DESIGN_CONTEXT ( 'detailed design', #737, 'design' ) ;
#1296 = FACE_OUTER_BOUND ( 'NONE', #3240, .T. ) ;
#1297 = AXIS2_PLACEMENT_3D ( 'NONE', #2672, #3200, #374 ) ;
#1298 = LINE ( 'NONE', #3588, #3650 ) ;
#1299 = VERTEX_POINT ( 'NONE', #436 ) ;
#1300 = ADVANCED_FACE ( 'NONE', ( #2408 ), #662, .F. ) ;
#1301 = ORIENTED_EDGE ( 'NONE', *, *, #541, .T. ) ;
#1302 = PERSON_AND_ORGANIZATION ( #2338, #2784 ) ;
#1303 = EDGE_CURVE ( 'NONE', #2306, #3021, #680, .T. ) ;
#1304 = VECTOR ( 'NONE', #2963, 39.37007874015748143 ) ;
#1305 = ORIENTED_EDGE ( 'NONE', *, *, #2367, .F. ) ;
#1306 = CONTEXT_DEPENDENT_SHAPE_REPRESENTATION ( #592, #992 ) ;
#1307 = CARTESIAN_POINT ( 'NONE',  ( 0.000000000000000000, 0.000000000000000000, 19.68503937007874072 ) ) ;
#1308 = APPROVAL_PERSON_ORGANIZATION ( #549, #1201, #1440 ) ;
#1309 = EDGE_CURVE ( 'NONE', #3092, #1573, #1014, .T. ) ;
#1310 = ORIENTED_EDGE ( 'NONE', *, *, #2588, .F. ) ;
#1311 = FACE_OUTER_BOUND ( 'NONE', #2428, .T. ) ;
#1312 = CLOSED_SHELL ( 'NONE', ( #486, #1490, #3363, #260, #506, #3026, #2520, #2082, #2107, #2248, #3077, #2040, #542, #377, #2583, #1858, #2833, #3441, #1808, #3209, #3030, #92 ) ) ;
#1313 = EDGE_CURVE ( 'NONE', #3360, #2778, #309, .T. ) ;
#1314 = ORIENTED_EDGE ( 'NONE', *, *, #2769, .T. ) ;
#1315 = COORDINATED_UNIVERSAL_TIME_OFFSET ( 5, 0, .BEHIND. ) ;
#1316 = CARTESIAN_POINT ( 'NONE',  ( -0.1968503937007874405, -0.4921259842519684624, 0.000000000000000000 ) ) ;
#1317 = VECTOR ( 'NONE', #2779, 39.37007874015748143 ) ;
#1318 = LINE ( 'NONE', #3020, #1093 ) ;
#1319 = ORIENTED_EDGE ( 'NONE', *, *, #976, .T. ) ;
#1320 = CC_DESIGN_PERSON_AND_ORGANIZATION_ASSIGNMENT ( #2640, #2365, ( #2254 ) ) ;
#1321 = VECTOR ( 'NONE', #2781, 39.37007874015748143 ) ;
#1322 = CARTESIAN_POINT ( 'NONE',  ( -0.1968503937007874405, -6.829619984160658046E-16, 0.5905511811023627100 ) ) ;
#1323 = CARTESIAN_POINT ( 'NONE',  ( -0.1968503937007874405, 0.4921259842519686289, 14.19685039370078883 ) ) ;
#1324 = ORIENTED_EDGE ( 'NONE', *, *, #1159, .F. ) ;
#1325 = DIRECTION ( 'NONE',  ( 0.000000000000000000, 0.000000000000000000, 1.000000000000000000 ) ) ;
#1326 = EDGE_CURVE ( 'NONE', #1004, #2579, #1574, .T. ) ;
#1327 = COORDINATED_UNIVERSAL_TIME_OFFSET ( 5, 0, .BEHIND. ) ;
#1328 = VECTOR ( 'NONE', #951, 39.37007874015748143 ) ;
#1329 = DIRECTION ( 'NONE',  ( -1.000000000000000000, 0.000000000000000000, 0.000000000000000000 ) ) ;
#1330 = VERTEX_POINT ( 'NONE', #2948 ) ;
#1331 = DIRECTION ( 'NONE',  ( -0.000000000000000000, -0.000000000000000000, -1.000000000000000000 ) ) ;
#1332 = EDGE_LOOP ( 'NONE', ( #1018, #2001, #1995, #3057 ) ) ;
#1333 = COORDINATED_UNIVERSAL_TIME_OFFSET ( 5, 0, .BEHIND. ) ;
#1334 = CARTESIAN_POINT ( 'NONE',  ( -0.1968503937007874405, 0.4921259842519686289, 19.68503937007874072 ) ) ;
#1335 = DIRECTION ( 'NONE',  ( -1.000000000000000000, 0.000000000000000000, 0.000000000000000000 ) ) ;
#1336 = EDGE_LOOP ( 'NONE', ( #999, #1914, #1422, #3080 ) ) ;
#1337 = DESIGN_CONTEXT ( 'detailed design', #3535, 'design' ) ;
#1338 = DIRECTION ( 'NONE',  ( -1.000000000000000000, 0.000000000000000000, 0.000000000000000000 ) ) ;
#1339 = EDGE_CURVE ( 'NONE', #614, #1330, #2013, .T. ) ;
#1340 = FACE_OUTER_BOUND ( 'NONE', #3312, .T. ) ;
#1341 = ORIENTED_EDGE ( 'NONE', *, *, #2653, .F. ) ;
#1342 = APPLICATION_PROTOCOL_DEFINITION ( 'international standard', 'config_control_design', 1994, #737 ) ;
#1343 = CONTEXT_DEPENDENT_SHAPE_REPRESENTATION ( #402, #2704 ) ;
#1344 = DIRECTION ( 'NONE',  ( -1.000000000000000000, 0.000000000000000000, -0.000000000000000000 ) ) ;
#1345 = ORIENTED_EDGE ( 'NONE', *, *, #2755, .F. ) ;
#1346 = CARTESIAN_POINT ( 'NONE',  ( -0.1968503937007874405, 0.4921259842519686289, 0.000000000000000000 ) ) ;
#1347 = ORIENTED_EDGE ( 'NONE', *, *, #3316, .T. ) ;
#1348 = PERSON_AND_ORGANIZATION ( #2338, #2784 ) ;
#1349 = CARTESIAN_POINT ( 'NONE',  ( 0.000000000000000000, 0.000000000000000000, 0.3937007874015748254 ) ) ;
#1350 = FACE_OUTER_BOUND ( 'NONE', #248, .T. ) ;
#1351 = ORIENTED_EDGE ( 'NONE', *, *, #861, .T. ) ;
#1352 = ORIENTED_EDGE ( 'NONE', *, *, #2091, .F. ) ;
#1353 = CARTESIAN_POINT ( 'NONE',  ( 0.1968503937007873850, -1.024442997624098658E-15, 0.5905511811023627100 ) ) ;
#1354 = APPROVAL_PERSON_ORGANIZATION ( #2508, #883, #3075 ) ;
#1355 = DIRECTION ( 'NONE',  ( -1.000000000000000000, -0.000000000000000000, -0.000000000000000000 ) ) ;
#1356 = CC_DESIGN_SECURITY_CLASSIFICATION ( #3098, ( #3701 ) ) ;
#1357 = EDGE_CURVE ( 'NONE', #3469, #426, #954, .T. ) ;
#1358 = PRODUCT ( 'LBC and LAD', 'LBC and LAD', '', ( #1121 ) ) ;
#1359 = ORIENTED_EDGE ( 'NONE', *, *, #2699, .F. ) ;
#1360 = EDGE_CURVE ( 'NONE', #2441, #2155, #2906, .T. ) ;
#1361 = ORIENTED_EDGE ( 'NONE', *, *, #1983, .T. ) ;
#1362 = VECTOR ( 'NONE', #3236, 39.37007874015748143 ) ;
#1363 = CC_DESIGN_PERSON_AND_ORGANIZATION_ASSIGNMENT ( #334, #202, ( #3519 ) ) ;
#1364 = VECTOR ( 'NONE', #3527, 39.37007874015748143 ) ;
#1365 = ORIENTED_EDGE ( 'NONE', *, *, #1255, .F. ) ;
#1366 = CARTESIAN_POINT ( 'NONE',  ( 0.1968503937007873850, 0.4921259842519686289, 16.10236220472440749 ) ) ;
#1367 = ORGANIZATION ( 'NAUO-ORG1', 'UNSPECIFIED', 'UNSPECIFIED' ) ;
#1368 = ORIENTED_EDGE ( 'NONE', *, *, #1586, .T. ) ;
#1369 = APPROVAL_STATUS ( 'not_yet_approved' ) ;
#1370 = EDGE_CURVE ( 'NONE', #808, #1091, #3154, .T. ) ;
#1371 = CARTESIAN_POINT ( 'NONE',  ( -0.05905511811023622659, 0.4921259842519686289, 1.181102362204712319 ) ) ;
#1372 = LOCAL_TIME ( 9, 14, 3.000000000000000000, #2564 ) ;
#1373 = CARTESIAN_POINT ( 'NONE',  ( -0.1968503937007874405, -1.832148754629898243E-15, 0.7332677165354325455 ) ) ;
#1374 = ORIENTED_EDGE ( 'NONE', *, *, #2934, .T. ) ;
#1375 = EDGE_LOOP ( 'NONE', ( #502, #3353, #2477, #1645 ) ) ;
#1376 = ADVANCED_FACE ( 'NONE', ( #1254 ), #2392, .F. ) ;
#1377 = CIRCLE ( 'NONE', #359, 0.1427165354330708624 ) ;
#1378 = ADVANCED_FACE ( 'NONE', ( #2981 ), #413, .F. ) ;
#1379 = UNCERTAINTY_MEASURE_WITH_UNIT (LENGTH_MEASURE( 1.000000000000000082E-05 ), #923, 'distance_accuracy_value', 'NONE');
#1380 = AXIS2_PLACEMENT_3D ( 'NONE', #3324, #423, #462 ) ;
#1381 = DIRECTION ( 'NONE',  ( 0.000000000000000000, 0.000000000000000000, -1.000000000000000000 ) ) ;
#1382 = DIRECTION ( 'NONE',  ( -1.000000000000000000, 0.000000000000000000, 0.000000000000000000 ) ) ;
#1383 = AXIS2_PLACEMENT_3D ( 'NONE', #3416, #2026, #1482 ) ;
#1384 = VERTEX_POINT ( 'NONE', #3435 ) ;
#1385 = APPROVAL_DATE_TIME ( #1148, #721 ) ;
#1386 = SHAPE_REPRESENTATION_RELATIONSHIP ( 'NONE' , 'NONE' ,  #1467, #1947 ) ;
#1387 = CC_DESIGN_DATE_AND_TIME_ASSIGNMENT ( #2730, #3613, ( #3690 ) ) ;
#1388 = ORIENTED_EDGE ( 'NONE', *, *, #3133, .F. ) ;
#1389 = DIRECTION ( 'NONE',  ( 0.000000000000000000, 0.000000000000000000, 1.000000000000000000 ) ) ;
#1390 = APPROVAL_DATE_TIME ( #2005, #1201 ) ;
#1391 = VERTEX_POINT ( 'NONE', #862 ) ;
#1392 = COORDINATED_UNIVERSAL_TIME_OFFSET ( 5, 0, .BEHIND. ) ;
#1393 = DIRECTION ( 'NONE',  ( 0.000000000000000000, 0.000000000000000000, -1.000000000000000000 ) ) ;
#1394 = CYLINDRICAL_SURFACE ( 'NONE', #258, 0.1427165354330704461 ) ;
#1395 = CARTESIAN_POINT ( 'NONE',  ( -0.1968503937007874405, -0.4921259842519684624, 0.000000000000000000 ) ) ;
#1396 = APPROVAL ( #1046, 'UNSPECIFIED' ) ;
#1397 = AXIS2_PLACEMENT_3D ( 'NONE', #735, #1652, #2792 ) ;
#1398 = LINE ( 'NONE', #832, #2033 ) ;
#1399 = CARTESIAN_POINT ( 'NONE',  ( -0.1968503937007874405, -0.4921259842519684624, 14.19685039370078883 ) ) ;
#1400 = VERTEX_POINT ( 'NONE', #587 ) ;
#1401 = ORIENTED_EDGE ( 'NONE', *, *, #3153, .F. ) ;
#1402 = DIRECTION ( 'NONE',  ( 1.000000000000000000, 0.000000000000000000, 0.000000000000000000 ) ) ;
#1403 = EDGE_LOOP ( 'NONE', ( #1722, #1368 ) ) ;
#1404 = APPROVAL_DATE_TIME ( #2280, #921 ) ;
#1405 = DIRECTION ( 'NONE',  ( 0.000000000000000000, 0.000000000000000000, -1.000000000000000000 ) ) ;
#1406 = CARTESIAN_POINT ( 'NONE',  ( 0.000000000000000000, 0.000000000000000000, 1.181102362204724310 ) ) ;
#1407 = LINE ( 'NONE', #3396, #357 ) ;
#1408 = CARTESIAN_POINT ( 'NONE',  ( -0.05905511811023620578, 8.878505979408855953E-16, 13.60629921259842590 ) ) ;
#1409 = FACE_OUTER_BOUND ( 'NONE', #19, .T. ) ;
#1410 = AXIS2_PLACEMENT_3D ( 'NONE', #3543, #1835, #3261 ) ;
#1411 = ORIENTED_EDGE ( 'NONE', *, *, #1750, .T. ) ;
#1412 = AXIS2_PLACEMENT_3D ( 'NONE', #1245, #1755, #2939 ) ;
#1413 = ORGANIZATION ( 'NAUO-ORG9', 'UNSPECIFIED', 'UNSPECIFIED' ) ;
#1414 = ADVANCED_FACE ( 'NONE', ( #2875, #3058 ), #2733, .F. ) ;
#1415 =( LENGTH_UNIT ( ) NAMED_UNIT ( * ) SI_UNIT ( $, .METRE. ) );
#1416 = ADVANCED_FACE ( 'NONE', ( #1627 ), #3014, .T. ) ;
#1417 = EDGE_LOOP ( 'NONE', ( #2370, #175 ) ) ;
#1418 = VECTOR ( 'NONE', #673, 39.37007874015748143 ) ;
#1419 = ORIENTED_EDGE ( 'NONE', *, *, #916, .T. ) ;
#1420 = CARTESIAN_POINT ( 'NONE',  ( 0.05905511811023622659, -0.4921259842519686289, 0.000000000000000000 ) ) ;
#1421 = APPROVAL_STATUS ( 'not_yet_approved' ) ;
#1422 = ORIENTED_EDGE ( 'NONE', *, *, #1877, .F. ) ;
#1423 = AXIS2_PLACEMENT_3D ( 'NONE', #1408, #1143, #1160 ) ;
#1424 = APPROVAL_DATE_TIME ( #284, #425 ) ;
#1425 = FACE_BOUND ( 'NONE', #3124, .T. ) ;
#1426 = DIRECTION ( 'NONE',  ( 0.000000000000000000, 0.000000000000000000, 1.000000000000000000 ) ) ;
#1427 = VERTEX_POINT ( 'NONE', #2772 ) ;
#1428 = LOCAL_TIME ( 9, 14, 3.000000000000000000, #2918 ) ;
#1429 = EDGE_CURVE ( 'NONE', #2504, #2960, #2754, .T. ) ;
#1430 = CC_DESIGN_APPROVAL ( #1820, ( #55 ) ) ;
#1431 = CARTESIAN_POINT ( 'NONE',  ( 0.1968503937007873850, -0.4921259842519684624, 0.000000000000000000 ) ) ;
#1432 =( REPRESENTATION_RELATIONSHIP ('NONE','NONE', #65, #2237 ) REPRESENTATION_RELATIONSHIP_WITH_TRANSFORMATION ( #2578 )SHAPE_REPRESENTATION_RELATIONSHIP( ) );
#1433 = APPROVAL ( #3096, 'UNSPECIFIED' ) ;
#1434 = CARTESIAN_POINT ( 'NONE',  ( 0.1968503937007873850, 0.4921259842519686289, 19.68503937007874072 ) ) ;
#1435 = AXIS2_PLACEMENT_3D ( 'NONE', #842, #2576, #2542 ) ;
#1436 = ORIENTED_EDGE ( 'NONE', *, *, #1449, .T. ) ;
#1437 = DIRECTION ( 'NONE',  ( 1.000000000000000000, -0.000000000000000000, -0.000000000000000000 ) ) ;
#1438 = ORIENTED_EDGE ( 'NONE', *, *, #2021, .F. ) ;
#1439 = LINE ( 'NONE', #1420, #1734 ) ;
#1440 = APPROVAL_ROLE ( '' ) ;
#1441 = ORIENTED_EDGE ( 'NONE', *, *, #45, .T. ) ;
#1442 = COORDINATED_UNIVERSAL_TIME_OFFSET ( 5, 0, .BEHIND. ) ;
#1443 = LINE ( 'NONE', #2281, #2458 ) ;
#1444 = PLANE ( 'NONE',  #1383 ) ;
#1445 = CARTESIAN_POINT ( 'NONE',  ( 0.1968503937007873850, -1.832148754629898243E-15, 0.5905511811023627100 ) ) ;
#1446 = VECTOR ( 'NONE', #1764, 39.37007874015748143 ) ;
#1447 = PLANE ( 'NONE',  #233 ) ;
#1448 = CARTESIAN_POINT ( 'NONE',  ( 0.1968503937007873850, -0.4921259842519684624, 16.10236220472440749 ) ) ;
#1449 = EDGE_CURVE ( 'NONE', #1572, #180, #3313, .T. ) ;
#1450 = DIRECTION ( 'NONE',  ( 0.000000000000000000, -1.000000000000000000, 0.000000000000000000 ) ) ;
#1451 = CARTESIAN_POINT ( 'NONE',  ( 0.000000000000000000, 0.000000000000000000, 0.000000000000000000 ) ) ;
#1452 = CARTESIAN_POINT ( 'NONE',  ( 72.63593861529726325, 35.16717797413696900, 50.47971017932827209 ) ) ;
#1453 = ORIENTED_EDGE ( 'NONE', *, *, #2857, .F. ) ;
#1454 = CARTESIAN_POINT ( 'NONE',  ( 0.1968503937007873850, 0.4921259842519686289, 22.44094488188977721 ) ) ;
#1455 = DATE_TIME_ROLE ( 'classification_date' ) ;
#1456 = VERTEX_POINT ( 'NONE', #1346 ) ;
#1457 = APPLICATION_PROTOCOL_DEFINITION ( 'international standard', 'config_control_design', 1994, #2144 ) ;
#1458 = FACE_OUTER_BOUND ( 'NONE', #81, .T. ) ;
#1459 = CARTESIAN_POINT ( 'NONE',  ( -0.1968503937007874405, -1.832148754629898243E-15, 0.5905511811023627100 ) ) ;
#1460 = ORIENTED_EDGE ( 'NONE', *, *, #2912, .T. ) ;
#1461 = LINE ( 'NONE', #3170, #3151 ) ;
#1462 = FACE_BOUND ( 'NONE', #2554, .T. ) ;
#1463 = DIMENSIONAL_EXPONENTS ( 1.000000000000000000, 0.000000000000000000, 0.000000000000000000, 0.000000000000000000, 0.000000000000000000, 0.000000000000000000, 0.000000000000000000 ) ;
#1464 = PRODUCT_DEFINITION_FORMATION_WITH_SPECIFIED_SOURCE ( 'ANY', '', #256, .NOT_KNOWN. ) ;
#1465 = ORIENTED_EDGE ( 'NONE', *, *, #1862, .T. ) ;
#1466 = DIRECTION ( 'NONE',  ( 0.000000000000000000, 0.000000000000000000, 1.000000000000000000 ) ) ;
#1467 = SHAPE_REPRESENTATION ( 'LCE and LDE', ( #220 ), #2301 ) ;
#1468 = CYLINDRICAL_SURFACE ( 'NONE', #3452, 0.1377952755905511861 ) ;
#1469 = ADVANCED_FACE ( 'NONE', ( #173, #1311 ), #206, .F. ) ;
#1470 = EDGE_CURVE ( 'NONE', #3021, #3382, #1933, .T. ) ;
#1471 =( GEOMETRIC_REPRESENTATION_CONTEXT ( 3 ) GLOBAL_UNCERTAINTY_ASSIGNED_CONTEXT ( ( #1860 ) ) GLOBAL_UNIT_ASSIGNED_CONTEXT ( ( #2954, #91, #315 ) ) REPRESENTATION_CONTEXT ( 'NONE', 'WORKASPACE' ) );
#1472 = LOCAL_TIME ( 9, 14, 3.000000000000000000, #3000 ) ;
#1473 = APPROVAL ( #2045, 'UNSPECIFIED' ) ;
#1474 = VERTEX_POINT ( 'NONE', #746 ) ;
#1475 = LINE ( 'NONE', #2402, #2495 ) ;
#1476 = DATE_AND_TIME ( #2956, #536 ) ;
#1477 = ORGANIZATION ( 'NAUO-ORG10', 'UNSPECIFIED', 'UNSPECIFIED' ) ;
#1478 = ORIENTED_EDGE ( 'NONE', *, *, #918, .F. ) ;
#1479 = SECURITY_CLASSIFICATION_LEVEL ( 'unclassified' ) ;
#1480 = VECTOR ( 'NONE', #610, 39.37007874015748143 ) ;
#1481 = LINE ( 'NONE', #2642, #556 ) ;
#1482 = DIRECTION ( 'NONE',  ( -1.000000000000000000, 0.000000000000000000, -0.000000000000000000 ) ) ;
#1483 = ORIENTED_EDGE ( 'NONE', *, *, #1697, .F. ) ;
#1484 = DIRECTION ( 'NONE',  ( -1.000000000000000000, -0.000000000000000000, -0.000000000000000000 ) ) ;
#1485 = EDGE_CURVE ( 'NONE', #469, #659, #1084, .T. ) ;
#1486 = AXIS2_PLACEMENT_3D ( 'NONE', #1997, #271, #586 ) ;
#1487 = CARTESIAN_POINT ( 'NONE',  ( -0.08858267716535425662, -0.4921259842519684624, 1.181102362204724310 ) ) ;
#1488 = VERTEX_POINT ( 'NONE', #1950 ) ;
#1489 = LINE ( 'NONE', #2666, #2538 ) ;
#1490 = ADVANCED_FACE ( 'NONE', ( #2505 ), #2227, .F. ) ;
#1491 = APPROVAL_PERSON_ORGANIZATION ( #334, #3357, #2898 ) ;
#1492 = EDGE_CURVE ( 'NONE', #756, #2192, #730, .T. ) ;
#1493 = LINE ( 'NONE', #1754, #760 ) ;
#1494 = AXIS2_PLACEMENT_3D ( 'NONE', #1445, #2011, #878 ) ;
#1495 = CIRCLE ( 'NONE', #2806, 0.1427165354330704461 ) ;
#1496 =( NAMED_UNIT ( * ) SI_UNIT ( $, .STERADIAN. ) SOLID_ANGLE_UNIT ( ) );
#1497 = CIRCLE ( 'NONE', #186, 0.1427165354330704461 ) ;
#1498 = EDGE_LOOP ( 'NONE', ( #225, #2279, #2718, #2998 ) ) ;
#1499 = CARTESIAN_POINT ( 'NONE',  ( -0.08858267716535414560, 0.4921259842519686289, 0.000000000000000000 ) ) ;
#1500 = APPROVAL_ROLE ( '' ) ;
#1501 = ORIENTED_EDGE ( 'NONE', *, *, #2855, .F. ) ;
#1502 = SHAPE_DEFINITION_REPRESENTATION ( #527, #2237 ) ;
#1503 = DIMENSIONAL_EXPONENTS ( 1.000000000000000000, 0.000000000000000000, 0.000000000000000000, 0.000000000000000000, 0.000000000000000000, 0.000000000000000000, 0.000000000000000000 ) ;
#1504 = DIRECTION ( 'NONE',  ( -1.000000000000000000, -0.000000000000000000, -0.000000000000000000 ) ) ;
#1505 = LINE ( 'NONE', #1801, #1252 ) ;
#1506 = VERTEX_POINT ( 'NONE', #1590 ) ;
#1507 = CARTESIAN_POINT ( 'NONE',  ( 0.1377952755905511861, 1.687505431895959187E-17, 0.000000000000000000 ) ) ;
#1508 = CARTESIAN_POINT ( 'NONE',  ( 0.05905511811023622659, -0.4921259842519686289, 0.000000000000000000 ) ) ;
#1509 = DIRECTION ( 'NONE',  ( -0.000000000000000000, -0.000000000000000000, -1.000000000000000000 ) ) ;
#1510 = APPROVAL ( #3551, 'UNSPECIFIED' ) ;
#1511 = VECTOR ( 'NONE', #1504, 39.37007874015748143 ) ;
#1512 = LINE ( 'NONE', #2650, #2869 ) ;
#1513 = ORIENTED_EDGE ( 'NONE', *, *, #1429, .F. ) ;
#1514 = CYLINDRICAL_SURFACE ( 'NONE', #2366, 0.1427165354330704461 ) ;
#1515 = PLANE ( 'NONE',  #228 ) ;
#1516 = COORDINATED_UNIVERSAL_TIME_OFFSET ( 5, 0, .BEHIND. ) ;
#1517 = ORIENTED_EDGE ( 'NONE', *, *, #3022, .T. ) ;
#1518 = COORDINATED_UNIVERSAL_TIME_OFFSET ( 5, 0, .BEHIND. ) ;
#1519 = CARTESIAN_POINT ( 'NONE',  ( 0.1968503937007873850, 8.878505979408855953E-16, 13.74901574803149629 ) ) ;
#1520 = DIRECTION ( 'NONE',  ( -1.000000000000000000, -1.214306433183765213E-16, -0.000000000000000000 ) ) ;
#1521 = VERTEX_POINT ( 'NONE', #3656 ) ;
#1522 = DIRECTION ( 'NONE',  ( -1.000000000000000000, 0.000000000000000000, 0.000000000000000000 ) ) ;
#1523 = DIRECTION ( 'NONE',  ( 0.000000000000000000, 0.000000000000000000, -1.000000000000000000 ) ) ;
#1524 = DIRECTION ( 'NONE',  ( -1.000000000000000000, 1.214306433183765213E-16, 0.000000000000000000 ) ) ;
#1525 = AXIS2_PLACEMENT_3D ( 'NONE', #919, #1239, #2411 ) ;
#1526 = CARTESIAN_POINT ( 'NONE',  ( 0.05905511811023622659, -0.4921259842519686289, 1.181102362204712319 ) ) ;
#1527 = DIRECTION ( 'NONE',  ( -1.000000000000000000, -0.000000000000000000, -0.000000000000000000 ) ) ;
#1528 = EDGE_CURVE ( 'NONE', #561, #3388, #509, .T. ) ;
#1529 = LINE ( 'NONE', #981, #1418 ) ;
#1530 = DATE_AND_TIME ( #355, #1428 ) ;
#1531 = EDGE_CURVE ( 'NONE', #3382, #2771, #3039, .T. ) ;
#1532 = APPROVAL_ROLE ( '' ) ;
#1533 = AXIS2_PLACEMENT_3D ( 'NONE', #1625, #1022, #3630 ) ;
#1534 = CARTESIAN_POINT ( 'NONE',  ( 0.1968503937007872462, -0.4921259842519684624, 1.181102362204724310 ) ) ;
#1535 = ORIENTED_EDGE ( 'NONE', *, *, #2401, .T. ) ;
#1536 = CC_DESIGN_PERSON_AND_ORGANIZATION_ASSIGNMENT ( #157, #3060, ( #3087 ) ) ;
#1537 = CARTESIAN_POINT ( 'NONE',  ( 0.05905511811023622659, -1.832148754629898243E-15, 0.5905511811023627100 ) ) ;
#1538 = DIRECTION ( 'NONE',  ( 1.000000000000000000, 0.000000000000000000, 0.000000000000000000 ) ) ;
#1539 = EDGE_CURVE ( 'NONE', #2697, #1234, #470, .T. ) ;
#1540 = CARTESIAN_POINT ( 'NONE',  ( -0.05905511811023622659, 0.4921259842519686289, 1.181102362204712319 ) ) ;
#1541 = DIRECTION ( 'NONE',  ( -1.000000000000000000, -1.214306433183765213E-16, -0.000000000000000000 ) ) ;
#1542 = VECTOR ( 'NONE', #132, 39.37007874015748143 ) ;
#1543 = AXIS2_PLACEMENT_3D ( 'NONE', #623, #2929, #2354 ) ;
#1544 = CC_DESIGN_PERSON_AND_ORGANIZATION_ASSIGNMENT ( #1815, #392, ( #1588 ) ) ;
#1545 = PLANE ( 'NONE',  #3409 ) ;
#1546 = CARTESIAN_POINT ( 'NONE',  ( 0.1968503937007876070, -0.4921259842519684624, 22.44094488188977721 ) ) ;
#1547 = CARTESIAN_POINT ( 'NONE',  ( 0.05905511811023622659, -0.4921259842519686289, 1.181102362204712319 ) ) ;
#1548 = PERSON_AND_ORGANIZATION ( #2338, #2784 ) ;
#1549 = CC_DESIGN_APPROVAL ( #921, ( #3285 ) ) ;
#1550 = DIRECTION ( 'NONE',  ( -1.000000000000000000, 0.000000000000000000, 0.000000000000000000 ) ) ;
#1551 = EDGE_CURVE ( 'NONE', #2233, #1078, #3373, .T. ) ;
#1552 = ITEM_DEFINED_TRANSFORMATION ( 'NONE', 'NONE', #3387,  #220 ) ;
#1553 = AXIS2_PLACEMENT_3D ( 'NONE', #518, #1581, #3644 ) ;
#1554 = DATE_AND_TIME ( #3499, #294 ) ;
#1555 = VECTOR ( 'NONE', #1402, 39.37007874015748143 ) ;
#1556 = VERTEX_POINT ( 'NONE', #191 ) ;
#1557 = CARTESIAN_POINT ( 'NONE',  ( 0.08858267716535456193, 0.4921259842519686289, 1.181102362204724310 ) ) ;
#1558 = VECTOR ( 'NONE', #1520, 39.37007874015748143 ) ;
#1559 = ORIENTED_EDGE ( 'NONE', *, *, #3462, .T. ) ;
#1560 = CARTESIAN_POINT ( 'NONE',  ( 0.05905511811023622659, -0.4921259842519686289, 14.19685039370078883 ) ) ;
#1561 = DIRECTION ( 'NONE',  ( -1.000000000000000000, -0.000000000000000000, -0.000000000000000000 ) ) ;
#1562 = DIRECTION ( 'NONE',  ( -1.000000000000000000, -1.214306433183765213E-16, -0.000000000000000000 ) ) ;
#1563 = CARTESIAN_POINT ( 'NONE',  ( -0.05905511811023620578, 1.229331597148918547E-15, 19.23720472440944818 ) ) ;
#1564 = DIRECTION ( 'NONE',  ( -1.000000000000000000, -1.214306433183764966E-16, 0.000000000000000000 ) ) ;
#1565 = CARTESIAN_POINT ( 'NONE',  ( 0.05905511811023622659, -0.4921259842519686289, 18.50393700787402906 ) ) ;
#1566 = PRODUCT ( 'Soph Design pin', 'Soph Design pin', '', ( #3128 ) ) ;
#1567 = COORDINATED_UNIVERSAL_TIME_OFFSET ( 5, 0, .BEHIND. ) ;
#1568 = AXIS2_PLACEMENT_3D ( 'NONE', #1725, #268, #1405 ) ;
#1569 = CARTESIAN_POINT ( 'NONE',  ( -0.05905511811023620578, 8.878505979408855953E-16, 13.74901574803149629 ) ) ;
#1570 = CALENDAR_DATE ( 2026, 1, 9 ) ;
#1571 = AXIS2_PLACEMENT_3D ( 'NONE', #457, #1596, #2453 ) ;
#1572 = VERTEX_POINT ( 'NONE', #3093 ) ;
#1573 = VERTEX_POINT ( 'NONE', #3616 ) ;
#1574 = LINE ( 'NONE', #1854, #1957 ) ;
#1575 = ORIENTED_EDGE ( 'NONE', *, *, #2300, .T. ) ;
#1576 = PERSON_AND_ORGANIZATION ( #2338, #2784 ) ;
#1577 = CARTESIAN_POINT ( 'NONE',  ( 0.000000000000000000, 0.000000000000000000, 16.10236220472440749 ) ) ;
#1578 = LINE ( 'NONE', #3584, #1187 ) ;
#1579 = VERTEX_POINT ( 'NONE', #1044 ) ;
#1580 = EDGE_CURVE ( 'NONE', #3064, #729, #2688, .T. ) ;
#1581 = DIRECTION ( 'NONE',  ( -0.000000000000000000, 0.000000000000000000, -1.000000000000000000 ) ) ;
#1582 = DIRECTION ( 'NONE',  ( 0.000000000000000000, 1.000000000000000000, 0.000000000000000000 ) ) ;
#1583 = EDGE_CURVE ( 'NONE', #1045, #3360, #1006, .T. ) ;
#1584 = EDGE_LOOP ( 'NONE', ( #3244, #773 ) ) ;
#1585 = PERSON_AND_ORGANIZATION ( #2338, #2784 ) ;
#1586 = EDGE_CURVE ( 'NONE', #1330, #1299, #124, .T. ) ;
#1587 = COORDINATED_UNIVERSAL_TIME_OFFSET ( 5, 0, .BEHIND. ) ;
#1588 = PRODUCT_DEFINITION ( 'UNKNOWN', '', #1730, #2234 ) ;
#1589 = ORIENTED_EDGE ( 'NONE', *, *, #3157, .F. ) ;
#1590 = CARTESIAN_POINT ( 'NONE',  ( -0.1968503937007874405, -0.4921259842519684624, 0.000000000000000000 ) ) ;
#1591 = VECTOR ( 'NONE', #1890, 39.37007874015748143 ) ;
#1592 = ORIENTED_EDGE ( 'NONE', *, *, #975, .F. ) ;
#1593 = DATE_TIME_ROLE ( 'creation_date' ) ;
#1594 = LINE ( 'NONE', #1068, #2497 ) ;
#1595 = LOCAL_TIME ( 9, 14, 3.000000000000000000, #3071 ) ;
#1596 = DIRECTION ( 'NONE',  ( -1.000000000000000000, 0.000000000000000000, 0.000000000000000000 ) ) ;
#1597 = ORIENTED_EDGE ( 'NONE', *, *, #2318, .F. ) ;
#1598 = DIRECTION ( 'NONE',  ( 1.000000000000000000, 0.000000000000000000, 0.000000000000000000 ) ) ;
#1599 = AXIS2_PLACEMENT_3D ( 'NONE', #907, #2637, #1209 ) ;
#1600 = EDGE_CURVE ( 'NONE', #2924, #3166, #2092, .T. ) ;
#1601 = DIRECTION ( 'NONE',  ( -1.000000000000000000, -0.000000000000000000, -0.000000000000000000 ) ) ;
#1602 = EDGE_CURVE ( 'NONE', #2771, #1091, #2882, .T. ) ;
#1603 = VERTEX_POINT ( 'NONE', #3460 ) ;
#1604 = MECHANICAL_CONTEXT ( 'NONE', #1183, 'mechanical' ) ;
#1605 = LINE ( 'NONE', #2751, #1712 ) ;
#1606 = LOCAL_TIME ( 9, 14, 3.000000000000000000, #1192 ) ;
#1607 = ORIENTED_EDGE ( 'NONE', *, *, #3595, .F. ) ;
#1608 = DIRECTION ( 'NONE',  ( 0.000000000000000000, 1.000000000000000000, 0.000000000000000000 ) ) ;
#1609 = VECTOR ( 'NONE', #3118, 39.37007874015748143 ) ;
#1610 = VECTOR ( 'NONE', #2808, 39.37007874015748143 ) ;
#1611 = VERTEX_POINT ( 'NONE', #3442 ) ;
#1612 = DATE_AND_TIME ( #748, #1949 ) ;
#1613 = DIRECTION ( 'NONE',  ( -0.000000000000000000, -1.000000000000000000, -0.000000000000000000 ) ) ;
#1614 = CARTESIAN_POINT ( 'NONE',  ( 0.1968503937007873850, 1.246809331979269329E-15, 18.95177165354330739 ) ) ;
#1615 = ORIENTED_EDGE ( 'NONE', *, *, #641, .T. ) ;
#1616 = VECTOR ( 'NONE', #971, 39.37007874015748143 ) ;
#1617 = CARTESIAN_POINT ( 'NONE',  ( -0.1968503937007874405, 8.878505979408855953E-16, 13.60629921259842590 ) ) ;
#1618 = CARTESIAN_POINT ( 'NONE',  ( 0.1968503937007873850, -6.829619984160658046E-16, 0.7332677165354336557 ) ) ;
#1619 =( REPRESENTATION_RELATIONSHIP ('NONE','NONE', #65, #1467 ) REPRESENTATION_RELATIONSHIP_WITH_TRANSFORMATION ( #3497 )SHAPE_REPRESENTATION_RELATIONSHIP( ) );
#1620 = ORIENTED_EDGE ( 'NONE', *, *, #2748, .F. ) ;
#1621 = VERTEX_POINT ( 'NONE', #3110 ) ;
#1622 = CALENDAR_DATE ( 2026, 1, 9 ) ;
#1623 = DATE_TIME_ROLE ( 'classification_date' ) ;
#1624 = AXIS2_PLACEMENT_3D ( 'NONE', #2758, #210, #2216 ) ;
#1625 = CARTESIAN_POINT ( 'NONE',  ( 0.05905511811023622659, 1.229331597148918547E-15, 19.09448818897637778 ) ) ;
#1626 = ORIENTED_EDGE ( 'NONE', *, *, #3002, .T. ) ;
#1627 = FACE_OUTER_BOUND ( 'NONE', #152, .T. ) ;
#1628 = ORIENTED_EDGE ( 'NONE', *, *, #103, .F. ) ;
#1629 = PERSON_AND_ORGANIZATION_ROLE ( 'design_supplier' ) ;
#1630 = PERSON ( 'NAUO-PER7', 'UNSPECIFIED', 'UNSPECIFIED', ('UNSPECIFIED'), ('UNSPECIFIED'), ('UNSPECIFIED') ) ;
#1631 = CARTESIAN_POINT ( 'NONE',  ( -0.05905511811023620578, -1.024442997624098658E-15, 0.5905511811023627100 ) ) ;
#1632 = EDGE_CURVE ( 'NONE', #617, #1814, #548, .T. ) ;
#1633 = CYLINDRICAL_SURFACE ( 'NONE', #1870, 0.1427165354330704461 ) ;
#1634 = ORIENTED_EDGE ( 'NONE', *, *, #2975, .F. ) ;
#1635 = ORIENTED_EDGE ( 'NONE', *, *, #975, .T. ) ;
#1636 = CARTESIAN_POINT ( 'NONE',  ( -0.1968503937007874405, 0.4921259842519686289, 14.19685039370078883 ) ) ;
#1637 = APPROVAL ( #2308, 'UNKNOWN' ) ;
#1638 = LINE ( 'NONE', #2515, #2935 ) ;
#1639 = VERTEX_POINT ( 'NONE', #2307 ) ;
#1640 = ORIENTED_EDGE ( 'NONE', *, *, #1531, .F. ) ;
#1641 = PERSON_AND_ORGANIZATION_ROLE ( 'creator' ) ;
#1642 = EDGE_CURVE ( 'NONE', #1287, #394, #3172, .T. ) ;
#1643 = PERSON_AND_ORGANIZATION_ROLE ( 'classification_officer' ) ;
#1644 = EDGE_CURVE ( 'NONE', #335, #2960, #1439, .T. ) ;
#1645 = ORIENTED_EDGE ( 'NONE', *, *, #1539, .F. ) ;
#1646 = PRODUCT_DEFINITION_FORMATION_WITH_SPECIFIED_SOURCE ( 'ANY', '', #2795, .NOT_KNOWN. ) ;
#1647 = DIRECTION ( 'NONE',  ( -0.000000000000000000, -0.000000000000000000, 1.000000000000000000 ) ) ;
#1648 = EDGE_CURVE ( 'NONE', #796, #1892, #318, .T. ) ;
#1649 = ORIENTED_EDGE ( 'NONE', *, *, #2038, .F. ) ;
#1650 = APPROVAL_ROLE ( '' ) ;
#1651 = DIRECTION ( 'NONE',  ( 0.000000000000000000, 1.000000000000000000, 0.000000000000000000 ) ) ;
#1652 = DIRECTION ( 'NONE',  ( 1.000000000000000000, -0.000000000000000000, 0.000000000000000000 ) ) ;
#1653 = ORIENTED_EDGE ( 'NONE', *, *, #1757, .F. ) ;
#1654 = ORIENTED_EDGE ( 'NONE', *, *, #1762, .T. ) ;
#1655 = AXIS2_PLACEMENT_3D ( 'NONE', #203, #1329, #3035 ) ;
#1656 = DIRECTION ( 'NONE',  ( -1.000000000000000000, 0.000000000000000000, 0.000000000000000000 ) ) ;
#1657 = LOCAL_TIME ( 9, 14, 3.000000000000000000, #2774 ) ;
#1658 = CARTESIAN_POINT ( 'NONE',  ( 0.1968503937007873850, -0.4921259842519684624, 19.68503937007874072 ) ) ;
#1659 = CC_DESIGN_SECURITY_CLASSIFICATION ( #934, ( #3704 ) ) ;
#1660 = CC_DESIGN_DATE_AND_TIME_ASSIGNMENT ( #487, #2288, ( #463 ) ) ;
#1661 = ORIENTED_EDGE ( 'NONE', *, *, #1748, .T. ) ;
#1662 = ORIENTED_EDGE ( 'NONE', *, *, #3533, .T. ) ;
#1663 = CIRCLE ( 'NONE', #535, 0.1427165354330708624 ) ;
#1664 = APPROVAL ( #2125, 'UNSPECIFIED' ) ;
#1665 = VERTEX_POINT ( 'NONE', #564 ) ;
#1666 = CARTESIAN_POINT ( 'NONE',  ( 0.1968503937007873850, 1.246809331979269329E-15, 18.95177165354330739 ) ) ;
#1667 = CALENDAR_DATE ( 2026, 1, 9 ) ;
#1668 = LOCAL_TIME ( 9, 14, 3.000000000000000000, #947 ) ;
#1669 = VERTEX_POINT ( 'NONE', #2276 ) ;
#1670 = APPROVAL_STATUS ( 'not_yet_approved' ) ;
#1671 = LINE ( 'NONE', #876, #2577 ) ;
#1672 = LOCAL_TIME ( 9, 14, 3.000000000000000000, #1971 ) ;
#1673 = CARTESIAN_POINT ( 'NONE',  ( -0.1968503937007874405, -0.4921259842519684624, 14.19685039370078883 ) ) ;
#1674 = FACE_OUTER_BOUND ( 'NONE', #442, .T. ) ;
#1675 = AXIS2_PLACEMENT_3D ( 'NONE', #3248, #2394, #1466 ) ;
#1676 = AXIS2_PLACEMENT_3D ( 'NONE', #1322, #2473, #2156 ) ;
#1677 = EDGE_CURVE ( 'NONE', #1253, #756, #263, .T. ) ;
#1678 = CARTESIAN_POINT ( 'NONE',  ( -0.1968503937007874405, -0.4921259842519684624, 0.000000000000000000 ) ) ;
#1679 = PLANE ( 'NONE',  #3591 ) ;
#1680 = ORIENTED_EDGE ( 'NONE', *, *, #2355, .T. ) ;
#1681 =( NAMED_UNIT ( * ) PLANE_ANGLE_UNIT ( ) SI_UNIT ( $, .RADIAN. ) );
#1682 = ORIENTED_EDGE ( 'NONE', *, *, #388, .T. ) ;
#1683 = ORIENTED_EDGE ( 'NONE', *, *, #1763, .T. ) ;
#1684 = DIRECTION ( 'NONE',  ( 1.000000000000000000, 0.000000000000000000, 0.000000000000000000 ) ) ;
#1685 = APPROVAL_ROLE ( '' ) ;
#1686 = EDGE_LOOP ( 'NONE', ( #172, #1092, #851, #1956 ) ) ;
#1687 = PERSON_AND_ORGANIZATION_ROLE ( 'design_supplier' ) ;
#1688 = DIRECTION ( 'NONE',  ( -1.000000000000000000, -0.000000000000000000, -0.000000000000000000 ) ) ;
#1689 = PLANE ( 'NONE',  #2691 ) ;
#1690 = CARTESIAN_POINT ( 'NONE',  ( -0.1968503937007874405, -0.4921259842519684624, 23.62204724409448886 ) ) ;
#1691 = CARTESIAN_POINT ( 'NONE',  ( -0.1968503937007874405, 0.4921259842519686289, 19.68503937007874072 ) ) ;
#1692 = EDGE_CURVE ( 'NONE', #3113, #1814, #870, .T. ) ;
#1693 = PLANE ( 'NONE',  #3115 ) ;
#1694 = EDGE_CURVE ( 'NONE', #469, #859, #3651, .T. ) ;
#1695 = ORIENTED_EDGE ( 'NONE', *, *, #861, .F. ) ;
#1696 = EDGE_CURVE ( 'NONE', #2425, #2306, #853, .T. ) ;
#1697 = EDGE_CURVE ( 'NONE', #1703, #2715, #2004, .T. ) ;
#1698 = VERTEX_POINT ( 'NONE', #20 ) ;
#1699 = ORIENTED_EDGE ( 'NONE', *, *, #368, .T. ) ;
#1700 = VECTOR ( 'NONE', #660, 39.37007874015748143 ) ;
#1701 = CARTESIAN_POINT ( 'NONE',  ( 0.1968503937007873850, 0.4921259842519686289, 23.62204724409448886 ) ) ;
#1702 = CALENDAR_DATE ( 2026, 1, 9 ) ;
#1703 = VERTEX_POINT ( 'NONE', #1454 ) ;
#1704 = COORDINATED_UNIVERSAL_TIME_OFFSET ( 5, 0, .BEHIND. ) ;
#1705 = APPROVAL ( #2074, 'UNKNOWN' ) ;
#1706 = FACE_OUTER_BOUND ( 'NONE', #2228, .T. ) ;
#1707 = DIRECTION ( 'NONE',  ( 0.000000000000000000, 0.000000000000000000, 1.000000000000000000 ) ) ;
#1708 = DIRECTION ( 'NONE',  ( 0.000000000000000000, -1.000000000000000000, 0.000000000000000000 ) ) ;
#1709 = CARTESIAN_POINT ( 'NONE',  ( -0.05905511811023622659, -0.4921259842519686289, 1.181102362204712319 ) ) ;
#1710 = DIRECTION ( 'NONE',  ( 1.000000000000000000, -0.000000000000000000, 0.000000000000000000 ) ) ;
#1711 = ORIENTED_EDGE ( 'NONE', *, *, #2699, .T. ) ;
#1712 = VECTOR ( 'NONE', #2130, 39.37007874015748143 ) ;
#1713 = ADVANCED_FACE ( 'NONE', ( #2595, #3181 ), #3688, .F. ) ;
#1714 = APPROVAL_PERSON_ORGANIZATION ( #2839, #2427, #295 ) ;
#1715 = APPROVAL_ROLE ( '' ) ;
#1716 =( NAMED_UNIT ( * ) SI_UNIT ( $, .STERADIAN. ) SOLID_ANGLE_UNIT ( ) );
#1717 = PLANE ( 'NONE',  #661 ) ;
#1718 = VECTOR ( 'NONE', #2991, 39.37007874015748143 ) ;
#1719 = ORIENTED_EDGE ( 'NONE', *, *, #1583, .F. ) ;
#1720 = DIRECTION ( 'NONE',  ( -1.000000000000000000, -0.000000000000000000, -0.000000000000000000 ) ) ;
#1721 = CALENDAR_DATE ( 2026, 1, 9 ) ;
#1722 = ORIENTED_EDGE ( 'NONE', *, *, #2817, .T. ) ;
#1723 = VECTOR ( 'NONE', #384, 39.37007874015748143 ) ;
#1724 = PERSON_AND_ORGANIZATION_ROLE ( 'creator' ) ;
#1725 = CARTESIAN_POINT ( 'NONE',  ( -0.1968503937007874405, -1.832148754629898243E-15, 0.5905511811023627100 ) ) ;
#1726 = DIRECTION ( 'NONE',  ( -1.000000000000000000, -0.000000000000000000, -0.000000000000000000 ) ) ;
#1727 = CARTESIAN_POINT ( 'NONE',  ( 0.1968503937007873850, 9.053283327712363773E-16, 13.46358267716535551 ) ) ;
#1728 = APPROVAL_PERSON_ORGANIZATION ( #1990, #3586, #3408 ) ;
#1729 = EDGE_CURVE ( 'NONE', #1944, #3640, #1118, .T. ) ;
#1730 = PRODUCT_DEFINITION_FORMATION_WITH_SPECIFIED_SOURCE ( 'ANY', '', #2254, .NOT_KNOWN. ) ;
#1731 = CARTESIAN_POINT ( 'NONE',  ( -0.08858267716535425662, -0.4921259842519684624, 23.62204724409448886 ) ) ;
#1732 = DIRECTION ( 'NONE',  ( -1.000000000000000000, -0.000000000000000000, -0.000000000000000000 ) ) ;
#1733 = VECTOR ( 'NONE', #87, 39.37007874015748143 ) ;
#1734 = VECTOR ( 'NONE', #2042, 39.37007874015748143 ) ;
#1735 = VERTEX_POINT ( 'NONE', #2523 ) ;
#1736 = VECTOR ( 'NONE', #3521, 39.37007874015748143 ) ;
#1737 = DIRECTION ( 'NONE',  ( -1.000000000000000000, 0.000000000000000000, -0.000000000000000000 ) ) ;
#1738 = DIRECTION ( 'NONE',  ( 0.000000000000000000, -0.000000000000000000, -1.000000000000000000 ) ) ;
#1739 = APPROVAL_STATUS ( 'not_yet_approved' ) ;
#1740 = EDGE_LOOP ( 'NONE', ( #1284, #2464, #316, #2258 ) ) ;
#1741 = CARTESIAN_POINT ( 'NONE',  ( -0.1968503937007874405, -0.4921259842519684624, 23.62204724409448886 ) ) ;
#1742 = DATE_AND_TIME ( #1103, #588 ) ;
#1743 = VERTEX_POINT ( 'NONE', #2240 ) ;
#1744 = PERSON_AND_ORGANIZATION ( #2338, #2784 ) ;
#1745 = LINE ( 'NONE', #845, #1088 ) ;
#1746 = CARTESIAN_POINT ( 'NONE',  ( 0.1968503937007873850, -1.006965262793747678E-15, 0.4478346456692918753 ) ) ;
#1747 = DIRECTION ( 'NONE',  ( -1.000000000000000000, -0.000000000000000000, -0.000000000000000000 ) ) ;
#1748 = EDGE_CURVE ( 'NONE', #370, #71, #2291, .T. ) ;
#1749 = DIRECTION ( 'NONE',  ( -0.000000000000000000, -1.000000000000000000, -0.000000000000000000 ) ) ;
#1750 = EDGE_CURVE ( 'NONE', #1427, #1999, #597, .T. ) ;
#1751 = AXIS2_PLACEMENT_3D ( 'NONE', #3377, #1335, #179 ) ;
#1752 = CC_DESIGN_PERSON_AND_ORGANIZATION_ASSIGNMENT ( #1990, #6, ( #2085 ) ) ;
#1753 = CARTESIAN_POINT ( 'NONE',  ( 0.05905511811023622659, -6.829619984160658046E-16, 0.5905511811023627100 ) ) ;
#1754 = CARTESIAN_POINT ( 'NONE',  ( -0.08858267716535438152, 0.4921259842519686289, 23.62204724409448886 ) ) ;
#1755 = DIRECTION ( 'NONE',  ( -0.9998333967257192478, -0.01825318580169014299, 1.385098580973332502E-16 ) ) ;
#1756 = ORIENTED_EDGE ( 'NONE', *, *, #2367, .T. ) ;
#1757 = EDGE_CURVE ( 'NONE', #3502, #1698, #1758, .T. ) ;
#1758 = LINE ( 'NONE', #3671, #818 ) ;
#1759 = DATE_AND_TIME ( #3538, #2803 ) ;
#1760 = ORIENTED_EDGE ( 'NONE', *, *, #1694, .T. ) ;
#1761 = APPROVAL_ROLE ( '' ) ;
#1762 = EDGE_CURVE ( 'NONE', #273, #1792, #2111, .T. ) ;
#1763 = EDGE_CURVE ( 'NONE', #1665, #3298, #686, .T. ) ;
#1764 = DIRECTION ( 'NONE',  ( -0.000000000000000000, -0.000000000000000000, -1.000000000000000000 ) ) ;
#1765 = DIRECTION ( 'NONE',  ( -1.000000000000000000, 0.000000000000000000, 0.000000000000000000 ) ) ;
#1766 = EDGE_LOOP ( 'NONE', ( #2014, #1935 ) ) ;
#1767 = DIRECTION ( 'NONE',  ( -0.000000000000000000, -0.000000000000000000, -1.000000000000000000 ) ) ;
#1768 = ADVANCED_FACE ( 'NONE', ( #2692 ), #2327, .F. ) ;
#1769 = CARTESIAN_POINT ( 'NONE',  ( 1.092519685039370136, -0.1427165354330734715, 0.5905511811023671509 ) ) ;
#1770 = ORIENTED_EDGE ( 'NONE', *, *, #167, .F. ) ;
#1771 = DIRECTION ( 'NONE',  ( -1.196361017915039486E-16, -1.000000000000000000, 0.000000000000000000 ) ) ;
#1772 = DIRECTION ( 'NONE',  ( -1.000000000000000000, -0.000000000000000000, -0.000000000000000000 ) ) ;
#1773 = VECTOR ( 'NONE', #1732, 39.37007874015748143 ) ;
#1774 = VECTOR ( 'NONE', #2714, 39.37007874015748143 ) ;
#1775 = LOCAL_TIME ( 9, 14, 3.000000000000000000, #169 ) ;
#1776 = ORIENTED_EDGE ( 'NONE', *, *, #182, .F. ) ;
#1777 = DIRECTION ( 'NONE',  ( 1.000000000000000000, 0.000000000000000000, 0.000000000000000000 ) ) ;
#1778 = DATE_AND_TIME ( #2616, #235 ) ;
#1779 = ORIENTED_EDGE ( 'NONE', *, *, #3193, .F. ) ;
#1780 = APPROVAL_DATE_TIME ( #656, #3145 ) ;
#1781 = VECTOR ( 'NONE', #2362, 39.37007874015748143 ) ;
#1782 = CC_DESIGN_PERSON_AND_ORGANIZATION_ASSIGNMENT ( #1265, #187, ( #256 ) ) ;
#1783 = LINE ( 'NONE', #2922, #1511 ) ;
#1784 = CARTESIAN_POINT ( 'NONE',  ( 0.1968503937007873850, 1.229331597148918547E-15, 19.23720472440944818 ) ) ;
#1785 = ORIENTED_EDGE ( 'NONE', *, *, #2695, .F. ) ;
#1786 = DIRECTION ( 'NONE',  ( 0.000000000000000000, 0.000000000000000000, -1.000000000000000000 ) ) ;
#1787 = VECTOR ( 'NONE', #1561, 39.37007874015748143 ) ;
#1788 = CARTESIAN_POINT ( 'NONE',  ( 0.08858267716535425662, 0.1427165354330698077, 23.03149606299213303 ) ) ;
#1789 = CARTESIAN_POINT ( 'NONE',  ( 0.1968503937007873850, -1.832148754629898243E-15, 0.5905511811023627100 ) ) ;
#1790 = LOCAL_TIME ( 9, 14, 3.000000000000000000, #687 ) ;
#1791 = CARTESIAN_POINT ( 'NONE',  ( 0.05905511811023622659, 1.229331597148918547E-15, 19.23720472440944818 ) ) ;
#1792 = VERTEX_POINT ( 'NONE', #708 ) ;
#1793 = FACE_BOUND ( 'NONE', #2272, .T. ) ;
#1794 = AXIS2_PLACEMENT_3D ( 'NONE', #828, #270, #2567 ) ;
#1795 = VECTOR ( 'NONE', #163, 39.37007874015748143 ) ;
#1796 = FACE_OUTER_BOUND ( 'NONE', #1932, .T. ) ;
#1797 = CONTEXT_DEPENDENT_SHAPE_REPRESENTATION ( #1619, #133 ) ;
#1798 = ORIENTED_EDGE ( 'NONE', *, *, #558, .T. ) ;
#1799 = APPROVAL_STATUS ( 'not_yet_approved' ) ;
#1800 = LINE ( 'NONE', #1519, #1807 ) ;
#1801 = CARTESIAN_POINT ( 'NONE',  ( 0.05905511811023622659, 0.4921259842519686289, 1.181102362204712319 ) ) ;
#1802 = ORIENTED_EDGE ( 'NONE', *, *, #704, .F. ) ;
#1803 = LINE ( 'NONE', #1178, #871 ) ;
#1804 = DIRECTION ( 'NONE',  ( 1.387778780781445676E-16, -1.000000000000000000, 0.000000000000000000 ) ) ;
#1805 = CARTESIAN_POINT ( 'NONE',  ( -0.1968503937007873017, -0.4921259842519684624, 22.44094488188977721 ) ) ;
#1806 = FACE_OUTER_BOUND ( 'NONE', #914, .T. ) ;
#1807 = VECTOR ( 'NONE', #898, 39.37007874015748143 ) ;
#1808 = ADVANCED_FACE ( 'NONE', ( #2973 ), #407, .F. ) ;
#1809 = CARTESIAN_POINT ( 'NONE',  ( -0.08858267716535425662, -0.4921259842519684624, 0.000000000000000000 ) ) ;
#1810 = EDGE_CURVE ( 'NONE', #1384, #280, #1963, .T. ) ;
#1811 = PLANE ( 'NONE',  #2190 ) ;
#1812 = CARTESIAN_POINT ( 'NONE',  ( -0.05905511811023622659, 0.4921259842519686289, 18.50393700787402906 ) ) ;
#1813 = SECURITY_CLASSIFICATION_LEVEL ( 'unclassified' ) ;
#1814 = VERTEX_POINT ( 'NONE', #2126 ) ;
#1815 = PERSON_AND_ORGANIZATION ( #2338, #2784 ) ;
#1816 = EDGE_CURVE ( 'NONE', #3166, #2924, #939, .T. ) ;
#1817 = DIRECTION ( 'NONE',  ( 0.000000000000000000, 1.000000000000000000, 0.000000000000000000 ) ) ;
#1818 = ORIENTED_EDGE ( 'NONE', *, *, #165, .T. ) ;
#1819 = DIRECTION ( 'NONE',  ( 0.000000000000000000, 1.000000000000000000, 0.000000000000000000 ) ) ;
#1820 = APPROVAL ( #1799, 'UNSPECIFIED' ) ;
#1821 = DIRECTION ( 'NONE',  ( 0.000000000000000000, 0.000000000000000000, 1.000000000000000000 ) ) ;
#1822 = PLANE ( 'NONE',  #2322 ) ;
#1823 = CYLINDRICAL_SURFACE ( 'NONE', #1270, 0.1427165354330697800 ) ;
#1824 = DIRECTION ( 'NONE',  ( -1.000000000000000000, -0.000000000000000000, -0.000000000000000000 ) ) ;
#1825 = CC_DESIGN_PERSON_AND_ORGANIZATION_ASSIGNMENT ( #2478, #2161, ( #1646 ) ) ;
#1826 = CARTESIAN_POINT ( 'NONE',  ( -0.05905511811023622659, 0.4921259842519686289, 18.50393700787402906 ) ) ;
#1827 = EDGE_CURVE ( 'NONE', #3487, #2579, #2615, .T. ) ;
#1828 = APPLICATION_PROTOCOL_DEFINITION ( 'international standard', 'config_control_design', 1994, #2325 ) ;
#1829 = DIRECTION ( 'NONE',  ( -1.000000000000000000, -1.214306433183764966E-16, 0.000000000000000000 ) ) ;
#1830 = COORDINATED_UNIVERSAL_TIME_OFFSET ( 5, 0, .BEHIND. ) ;
#1831 = PRODUCT_DEFINITION_SHAPE ( 'NONE', 'NONE',  #3696 ) ;
#1832 = CC_DESIGN_SECURITY_CLASSIFICATION ( #928, ( #3700 ) ) ;
#1833 = DIRECTION ( 'NONE',  ( -0.000000000000000000, -0.000000000000000000, -1.000000000000000000 ) ) ;
#1834 = EDGE_LOOP ( 'NONE', ( #1501, #1483, #1038, #1271 ) ) ;
#1835 = DIRECTION ( 'NONE',  ( -1.000000000000000000, -0.000000000000000000, -0.000000000000000000 ) ) ;
#1836 = DIRECTION ( 'NONE',  ( 1.000000000000000000, -0.000000000000000000, 0.000000000000000000 ) ) ;
#1837 = DIRECTION ( 'NONE',  ( -1.000000000000000000, -0.000000000000000000, -0.000000000000000000 ) ) ;
#1838 = LINE ( 'NONE', #2965, #3137 ) ;
#1839 = VECTOR ( 'NONE', #924, 39.37007874015748143 ) ;
#1840 = EDGE_CURVE ( 'NONE', #1391, #2507, #3156, .T. ) ;
#1841 = CIRCLE ( 'NONE', #1543, 0.1427165354330696967 ) ;
#1842 = DIRECTION ( 'NONE',  ( -1.000000000000000000, 0.000000000000000000, -0.000000000000000000 ) ) ;
#1843 = DIRECTION ( 'NONE',  ( -1.000000000000000000, 0.000000000000000000, -0.000000000000000000 ) ) ;
#1844 = ORGANIZATION ( 'NAUO-ORG2', 'UNSPECIFIED', 'UNSPECIFIED' ) ;
#1845 = COORDINATED_UNIVERSAL_TIME_OFFSET ( 5, 0, .BEHIND. ) ;
#1846 = CC_DESIGN_APPROVAL ( #425, ( #2252 ) ) ;
#1847 = DIRECTION ( 'NONE',  ( -1.000000000000000000, -0.000000000000000000, -0.000000000000000000 ) ) ;
#1848 = AXIS2_PLACEMENT_3D ( 'NONE', #141, #2893, #329 ) ;
#1849 = DATE_TIME_ROLE ( 'classification_date' ) ;
#1850 = VECTOR ( 'NONE', #3439, 39.37007874015748143 ) ;
#1851 = LINE ( 'NONE', #189, #279 ) ;
#1852 = ORIENTED_EDGE ( 'NONE', *, *, #1255, .T. ) ;
#1853 = ORIENTED_EDGE ( 'NONE', *, *, #2287, .T. ) ;
#1854 = CARTESIAN_POINT ( 'NONE',  ( 0.05905511811023622659, -0.4921259842519686289, 0.000000000000000000 ) ) ;
#1855 = PERSON_AND_ORGANIZATION ( #2338, #2784 ) ;
#1856 = FACE_BOUND ( 'NONE', #892, .T. ) ;
#1857 = DIRECTION ( 'NONE',  ( 0.000000000000000000, 1.000000000000000000, 0.000000000000000000 ) ) ;
#1858 = ADVANCED_FACE ( 'NONE', ( #54, #2897 ), #629, .F. ) ;
#1859 = ORIENTED_EDGE ( 'NONE', *, *, #2539, .T. ) ;
#1860 = UNCERTAINTY_MEASURE_WITH_UNIT (LENGTH_MEASURE( 1.000000000000000082E-05 ), #2954, 'distance_accuracy_value', 'NONE');
#1861 = EDGE_CURVE ( 'NONE', #3469, #1253, #1475, .T. ) ;
#1862 = EDGE_CURVE ( 'NONE', #1999, #474, #1529, .T. ) ;
#1863 = DIRECTION ( 'NONE',  ( -0.000000000000000000, -0.000000000000000000, -1.000000000000000000 ) ) ;
#1864 = PLANE ( 'NONE',  #1380 ) ;
#1865 = PRODUCT_DEFINITION_SHAPE ( 'NONE', 'NONE',  #3704 ) ;
#1866 = PRODUCT_RELATED_PRODUCT_CATEGORY ( 'detail', '', ( #2254 ) ) ;
#1867 = VERTEX_POINT ( 'NONE', #3238 ) ;
#1868 = CARTESIAN_POINT ( 'NONE',  ( 0.000000000000000000, 0.000000000000000000, 0.000000000000000000 ) ) ;
#1869 = APPROVAL_ROLE ( '' ) ;
#1870 = AXIS2_PLACEMENT_3D ( 'NONE', #2154, #231, #1049 ) ;
#1871 =( CONVERSION_BASED_UNIT ( 'INCH', #726 ) LENGTH_UNIT ( ) NAMED_UNIT ( #378 ) );
#1872 = ORIENTED_EDGE ( 'NONE', *, *, #2972, .F. ) ;
#1873 = EDGE_LOOP ( 'NONE', ( #2044, #2677, #1881, #2200 ) ) ;
#1874 = DIRECTION ( 'NONE',  ( -1.000000000000000000, -0.000000000000000000, -0.000000000000000000 ) ) ;
#1875 = ORIENTED_EDGE ( 'NONE', *, *, #936, .F. ) ;
#1876 = APPLICATION_PROTOCOL_DEFINITION ( 'international standard', 'config_control_design', 1994, #2455 ) ;
#1877 = EDGE_CURVE ( 'NONE', #2155, #2441, #3512, .T. ) ;
#1878 = ORIENTED_EDGE ( 'NONE', *, *, #707, .F. ) ;
#1879 = LINE ( 'NONE', #1316, #289 ) ;
#1880 = FACE_OUTER_BOUND ( 'NONE', #2274, .T. ) ;
#1881 = ORIENTED_EDGE ( 'NONE', *, *, #2194, .T. ) ;
#1882 = EDGE_CURVE ( 'NONE', #2903, #2441, #354, .T. ) ;
#1883 = DIRECTION ( 'NONE',  ( 0.000000000000000000, 0.000000000000000000, 1.000000000000000000 ) ) ;
#1884 = VECTOR ( 'NONE', #3266, 39.37007874015748143 ) ;
#1885 = FACE_OUTER_BOUND ( 'NONE', #654, .T. ) ;
#1886 = ORIENTED_EDGE ( 'NONE', *, *, #1924, .F. ) ;
#1887 = APPROVAL_DATE_TIME ( #485, #1664 ) ;
#1888 = LINE ( 'NONE', #2480, #1774 ) ;
#1889 = ORIENTED_EDGE ( 'NONE', *, *, #2870, .F. ) ;
#1890 = DIRECTION ( 'NONE',  ( -0.000000000000000000, -1.000000000000000000, -0.000000000000000000 ) ) ;
#1891 = VECTOR ( 'NONE', #1331, 39.37007874015748143 ) ;
#1892 = VERTEX_POINT ( 'NONE', #1499 ) ;
#1893 =( GEOMETRIC_REPRESENTATION_CONTEXT ( 3 ) GLOBAL_UNCERTAINTY_ASSIGNED_CONTEXT ( ( #701 ) ) GLOBAL_UNIT_ASSIGNED_CONTEXT ( ( #3138, #575, #1716 ) ) REPRESENTATION_CONTEXT ( 'NONE', 'WORKASPACE' ) );
#1894 = SHAPE_DEFINITION_REPRESENTATION ( #2492, #2371 ) ;
#1895 = CC_DESIGN_PERSON_AND_ORGANIZATION_ASSIGNMENT ( #1585, #2728, ( #1646 ) ) ;
#1896 = ORIENTED_EDGE ( 'NONE', *, *, #2521, .T. ) ;
#1897 = DIRECTION ( 'NONE',  ( 1.000000000000000000, 0.000000000000000000, 0.000000000000000000 ) ) ;
#1898 = ORGANIZATION ( 'NAUO-ORG12', 'UNSPECIFIED', 'UNSPECIFIED' ) ;
#1899 = CARTESIAN_POINT ( 'NONE',  ( 0.05905511811023622659, 8.878505979408855953E-16, 13.74901574803149629 ) ) ;
#1900 = VERTEX_POINT ( 'NONE', #1812 ) ;
#1901 = LINE ( 'NONE', #1015, #1795 ) ;
#1902 = VECTOR ( 'NONE', #3253, 39.37007874015748143 ) ;
#1903 = DIRECTION ( 'NONE',  ( -0.000000000000000000, -1.000000000000000000, -0.000000000000000000 ) ) ;
#1904 = AXIS2_PLACEMENT_3D ( 'NONE', #2790, #1275, #177 ) ;
#1905 = ORIENTED_EDGE ( 'NONE', *, *, #420, .T. ) ;
#1906 = EDGE_LOOP ( 'NONE', ( #37, #855 ) ) ;
#1907 = APPROVAL_STATUS ( 'not_yet_approved' ) ;
#1908 = CC_DESIGN_SECURITY_CLASSIFICATION ( #3519, ( #3699 ) ) ;
#1909 = DIRECTION ( 'NONE',  ( 0.000000000000000000, 0.000000000000000000, -1.000000000000000000 ) ) ;
#1910 = CC_DESIGN_APPROVAL ( #34, ( #2987 ) ) ;
#1911 = ORIENTED_EDGE ( 'NONE', *, *, #2870, .T. ) ;
#1912 = DIRECTION ( 'NONE',  ( 0.000000000000000000, 0.000000000000000000, 1.000000000000000000 ) ) ;
#1913 = VECTOR ( 'NONE', #1720, 39.37007874015748143 ) ;
#1914 = ORIENTED_EDGE ( 'NONE', *, *, #1882, .T. ) ;
#1915 = APPROVAL_DATE_TIME ( #3658, #1396 ) ;
#1916 = VECTOR ( 'NONE', #931, 39.37007874015748143 ) ;
#1917 = CARTESIAN_POINT ( 'NONE',  ( -0.05905511811023622659, -0.4921259842519686289, 13.01574803149607718 ) ) ;
#1918 = DIRECTION ( 'NONE',  ( 0.000000000000000000, 0.000000000000000000, 1.000000000000000000 ) ) ;
#1919 = ORIENTED_EDGE ( 'NONE', *, *, #3476, .F. ) ;
#1920 = ORIENTED_EDGE ( 'NONE', *, *, #3153, .T. ) ;
#1921 = DIRECTION ( 'NONE',  ( -1.000000000000000000, 0.000000000000000000, -0.000000000000000000 ) ) ;
#1922 = CARTESIAN_POINT ( 'NONE',  ( 0.05905511811023622659, -0.4921259842519686289, 18.50393700787402906 ) ) ;
#1923 = EDGE_LOOP ( 'NONE', ( #7, #1919, #3428, #1056, #2892, #1886, #3059, #262, #261, #1535, #232, #2558 ) ) ;
#1924 = EDGE_CURVE ( 'NONE', #2233, #3072, #2387, .T. ) ;
#1925 = ORIENTED_EDGE ( 'NONE', *, *, #1360, .T. ) ;
#1926 = APPROVAL_DATE_TIME ( #3070, #1510 ) ;
#1927 = EDGE_CURVE ( 'NONE', #2579, #3072, #2073, .T. ) ;
#1928 = PERSON_AND_ORGANIZATION ( #2707, #3034 ) ;
#1929 = VECTOR ( 'NONE', #1651, 39.37007874015748143 ) ;
#1930 =( LENGTH_UNIT ( ) NAMED_UNIT ( * ) SI_UNIT ( $, .METRE. ) );
#1931 = PRODUCT_DEFINITION_SHAPE ( 'NONE', 'NONE',  #2879 ) ;
#1932 = EDGE_LOOP ( 'NONE', ( #882, #906, #1620, #2732 ) ) ;
#1933 = LINE ( 'NONE', #452, #927 ) ;
#1934 = ADVANCED_FACE ( 'NONE', ( #113, #1796 ), #1515, .F. ) ;
#1935 = ORIENTED_EDGE ( 'NONE', *, *, #777, .F. ) ;
#1936 = APPROVAL_DATE_TIME ( #786, #1114 ) ;
#1937 = CARTESIAN_POINT ( 'NONE',  ( -0.05905511811023622659, 0.4921259842519686289, 0.000000000000000000 ) ) ;
#1938 = PLANE ( 'NONE',  #439 ) ;
#1939 = ORIENTED_EDGE ( 'NONE', *, *, #2034, .T. ) ;
#1940 = ORIENTED_EDGE ( 'NONE', *, *, #322, .T. ) ;
#1941 = APPROVAL ( #3516, 'UNKNOWN' ) ;
#1942 = DIRECTION ( 'NONE',  ( 0.000000000000000000, 0.000000000000000000, 1.000000000000000000 ) ) ;
#1943 = DIRECTION ( 'NONE',  ( 0.000000000000000000, 0.000000000000000000, 1.000000000000000000 ) ) ;
#1944 = VERTEX_POINT ( 'NONE', #965 ) ;
#1945 = ORIENTED_EDGE ( 'NONE', *, *, #2539, .F. ) ;
#1946 = APPROVAL ( #2690, 'UNSPECIFIED' ) ;
#1947 = ADVANCED_BREP_SHAPE_REPRESENTATION ( '', ( #2165, #220 ), #2301 ) ;
#1948 = VERTEX_POINT ( 'NONE', #1569 ) ;
#1949 = LOCAL_TIME ( 9, 14, 3.000000000000000000, #715 ) ;
#1950 = CARTESIAN_POINT ( 'NONE',  ( 0.08858267716535445091, -0.4921259842519684624, 1.181102362204724310 ) ) ;
#1951 = EDGE_LOOP ( 'NONE', ( #451, #3402 ) ) ;
#1952 = APPROVAL_ROLE ( '' ) ;
#1953 = CARTESIAN_POINT ( 'NONE',  ( -0.1968503937007874405, 0.4921259842519686289, 14.19685039370078883 ) ) ;
#1954 = CARTESIAN_POINT ( 'NONE',  ( 0.1377952755905511861, 1.687505431895959187E-17, 0.3937007874015748254 ) ) ;
#1955 = VERTEX_POINT ( 'NONE', #428 ) ;
#1956 = ORIENTED_EDGE ( 'NONE', *, *, #31, .F. ) ;
#1957 = VECTOR ( 'NONE', #2999, 39.37007874015748143 ) ;
#1958 = DIRECTION ( 'NONE',  ( -1.000000000000000000, -1.214306433183765213E-16, -0.000000000000000000 ) ) ;
#1959 = CC_DESIGN_APPROVAL ( #1114, ( #1464 ) ) ;
#1960 = DIRECTION ( 'NONE',  ( 1.000000000000000000, 0.000000000000000000, 0.000000000000000000 ) ) ;
#1961 = APPROVAL_PERSON_ORGANIZATION ( #1041, #2712, #1869 ) ;
#1962 = VERTEX_POINT ( 'NONE', #2713 ) ;
#1963 = CIRCLE ( 'NONE', #2675, 0.1427165354330697800 ) ;
#1964 = PERSON_AND_ORGANIZATION_ROLE ( 'classification_officer' ) ;
#1965 = CIRCLE ( 'NONE', #1423, 0.1427165354330704461 ) ;
#1966 = ORIENTED_EDGE ( 'NONE', *, *, #2599, .F. ) ;
#1967 = DIRECTION ( 'NONE',  ( -0.000000000000000000, -0.000000000000000000, -1.000000000000000000 ) ) ;
#1968 = COORDINATED_UNIVERSAL_TIME_OFFSET ( 5, 0, .BEHIND. ) ;
#1969 = APPROVAL_PERSON_ORGANIZATION ( #302, #1637, #2862 ) ;
#1970 = EDGE_LOOP ( 'NONE', ( #2223, #3235, #3649, #3198 ) ) ;
#1971 = COORDINATED_UNIVERSAL_TIME_OFFSET ( 5, 0, .BEHIND. ) ;
#1972 = FACE_OUTER_BOUND ( 'NONE', #3581, .T. ) ;
#1973 = EDGE_CURVE ( 'NONE', #1391, #598, #2995, .T. ) ;
#1974 = FACE_OUTER_BOUND ( 'NONE', #185, .T. ) ;
#1975 = CIRCLE ( 'NONE', #1494, 0.1427165354330696967 ) ;
#1976 = DIRECTION ( 'NONE',  ( 0.000000000000000000, 1.000000000000000000, 0.000000000000000000 ) ) ;
#1977 = AXIS2_PLACEMENT_3D ( 'NONE', #885, #2433, #3560 ) ;
#1978 = VECTOR ( 'NONE', #1863, 39.37007874015748143 ) ;
#1979 = ADVANCED_FACE ( 'NONE', ( #2877, #1793, #2633 ), #2938, .F. ) ;
#1980 = CARTESIAN_POINT ( 'NONE',  ( 0.1968503937007873850, 1.229331597148918547E-15, 19.23720472440944818 ) ) ;
#1981 = CIRCLE ( 'NONE', #3233, 0.1427165354330708624 ) ;
#1982 = CARTESIAN_POINT ( 'NONE',  ( 0.05905511811023622659, -0.4921259842519686289, 13.01574803149607718 ) ) ;
#1983 = EDGE_CURVE ( 'NONE', #932, #2180, #2055, .T. ) ;
#1984 = EDGE_LOOP ( 'NONE', ( #3599, #1649, #566, #1401 ) ) ;
#1985 = CC_DESIGN_PERSON_AND_ORGANIZATION_ASSIGNMENT ( #3583, #3429, ( #1358 ) ) ;
#1986 = LENGTH_MEASURE_WITH_UNIT ( LENGTH_MEASURE( 0.02539999999999999897 ), #2540 );
#1987 = EDGE_LOOP ( 'NONE', ( #3207, #1770, #1017, #2450 ) ) ;
#1988 = CARTESIAN_POINT ( 'NONE',  ( -0.1968503937007874405, 0.4921259842519686289, 22.44094488188977721 ) ) ;
#1989 = AXIS2_PLACEMENT_3D ( 'NONE', #3414, #1993, #3129 ) ;
#1990 = PERSON_AND_ORGANIZATION ( #3017, #3282 ) ;
#1991 = ORIENTED_EDGE ( 'NONE', *, *, #3682, .T. ) ;
#1992 = APPROVAL_STATUS ( 'not_yet_approved' ) ;
#1993 = DIRECTION ( 'NONE',  ( -1.000000000000000000, 1.214306433183765213E-16, 0.000000000000000000 ) ) ;
#1994 = CARTESIAN_POINT ( 'NONE',  ( 0.1968503937007873850, -1.024442997624098658E-15, 0.5905511811023627100 ) ) ;
#1995 = ORIENTED_EDGE ( 'NONE', *, *, #1060, .T. ) ;
#1996 = ADVANCED_FACE ( 'NONE', ( #372 ), #3477, .F. ) ;
#1997 = CARTESIAN_POINT ( 'NONE',  ( 0.1968503937007873850, -1.024442997624098658E-15, 0.5905511811023627100 ) ) ;
#1998 = PLANE ( 'NONE',  #2443 ) ;
#1999 = VERTEX_POINT ( 'NONE', #942 ) ;
#2000 = COORDINATED_UNIVERSAL_TIME_OFFSET ( 5, 0, .BEHIND. ) ;
#2001 = ORIENTED_EDGE ( 'NONE', *, *, #936, .T. ) ;
#2002 = VECTOR ( 'NONE', #2628, 39.37007874015748143 ) ;
#2003 = ADVANCED_FACE ( 'NONE', ( #1243 ), #1514, .F. ) ;
#2004 = LINE ( 'NONE', #1701, #1250 ) ;
#2005 = DATE_AND_TIME ( #1667, #2926 ) ;
#2006 = ORIENTED_EDGE ( 'NONE', *, *, #3268, .T. ) ;
#2007 =( REPRESENTATION_RELATIONSHIP ('NONE','NONE', #65, #2237 ) REPRESENTATION_RELATIONSHIP_WITH_TRANSFORMATION ( #3142 )SHAPE_REPRESENTATION_RELATIONSHIP( ) );
#2008 = PERSON_AND_ORGANIZATION ( #2338, #2784 ) ;
#2009 = DIRECTION ( 'NONE',  ( 0.000000000000000000, -0.000000000000000000, 1.000000000000000000 ) ) ;
#2010 = LINE ( 'NONE', #2867, #3473 ) ;
#2011 = DIRECTION ( 'NONE',  ( -1.000000000000000000, 0.000000000000000000, 0.000000000000000000 ) ) ;
#2012 = CARTESIAN_POINT ( 'NONE',  ( -0.05905511811023620578, 0.000000000000000000, 15.65452755905511673 ) ) ;
#2013 = LINE ( 'NONE', #2698, #1773 ) ;
#2014 = ORIENTED_EDGE ( 'NONE', *, *, #3204, .F. ) ;
#2015 = LINE ( 'NONE', #1162, #889 ) ;
#2016 = CALENDAR_DATE ( 2026, 1, 9 ) ;
#2017 = CARTESIAN_POINT ( 'NONE',  ( -0.08858267716535438152, 0.4921259842519686289, 22.44094488188977721 ) ) ;
#2018 = AXIS2_PLACEMENT_3D ( 'NONE', #3255, #2940, #2656 ) ;
#2019 = ORIENTED_EDGE ( 'NONE', *, *, #2412, .T. ) ;
#2020 = CARTESIAN_POINT ( 'NONE',  ( 0.05905511811023622659, -0.4921259842519686289, 13.01574803149607718 ) ) ;
#2021 = EDGE_CURVE ( 'NONE', #2460, #528, #2070, .T. ) ;
#2022 = ORIENTED_EDGE ( 'NONE', *, *, #1586, .F. ) ;
#2023 = CIRCLE ( 'NONE', #2140, 0.1427165354330708624 ) ;
#2024 = CALENDAR_DATE ( 2026, 1, 9 ) ;
#2025 = CARTESIAN_POINT ( 'NONE',  ( -0.05905511811023620578, 8.878505979408855953E-16, 13.60629921259842590 ) ) ;
#2026 = DIRECTION ( 'NONE',  ( 0.000000000000000000, 0.000000000000000000, -1.000000000000000000 ) ) ;
#2027 = CARTESIAN_POINT ( 'NONE',  ( -0.05905511811023622659, -0.4921259842519686289, 1.181102362204712319 ) ) ;
#2028 = LOCAL_TIME ( 9, 14, 3.000000000000000000, #949 ) ;
#2029 = CC_DESIGN_DATE_AND_TIME_ASSIGNMENT ( #1476, #1849, ( #3519 ) ) ;
#2030 = APPROVAL_PERSON_ORGANIZATION ( #1154, #2139, #2812 ) ;
#2031 = LINE ( 'NONE', #3175, #3341 ) ;
#2032 = ORIENTED_EDGE ( 'NONE', *, *, #3413, .T. ) ;
#2033 = VECTOR ( 'NONE', #3101, 39.37007874015748143 ) ;
#2034 = EDGE_CURVE ( 'NONE', #1488, #1639, #330, .T. ) ;
#2035 = AXIS2_PLACEMENT_3D ( 'NONE', #1994, #26, #1426 ) ;
#2036 = FACE_OUTER_BOUND ( 'NONE', #3432, .T. ) ;
#2037 = DIRECTION ( 'NONE',  ( 1.000000000000000000, 0.000000000000000000, 0.000000000000000000 ) ) ;
#2038 = EDGE_CURVE ( 'NONE', #2771, #2513, #1493, .T. ) ;
#2039 = DIRECTION ( 'NONE',  ( 1.036531225861871441E-16, -9.259480208629211885E-17, -0.9999999999999998890 ) ) ;
#2040 = ADVANCED_FACE ( 'NONE', ( #2612 ), #647, .T. ) ;
#2041 = ORIENTED_EDGE ( 'NONE', *, *, #2466, .T. ) ;
#2042 = DIRECTION ( 'NONE',  ( -0.000000000000000000, -1.000000000000000000, -0.000000000000000000 ) ) ;
#2043 = COORDINATED_UNIVERSAL_TIME_OFFSET ( 5, 0, .BEHIND. ) ;
#2044 = ORIENTED_EDGE ( 'NONE', *, *, #2798, .T. ) ;
#2045 = APPROVAL_STATUS ( 'not_yet_approved' ) ;
#2046 = CARTESIAN_POINT ( 'NONE',  ( 0.05905511811023622659, 0.4921259842519686289, 1.181102362204712319 ) ) ;
#2047 = PLANE ( 'NONE',  #127 ) ;
#2048 = EDGE_LOOP ( 'NONE', ( #3662, #1221, #765, #3340 ) ) ;
#2049 = CYLINDRICAL_SURFACE ( 'NONE', #2063, 0.1427165354330708624 ) ;
#2050 = AXIS2_PLACEMENT_3D ( 'NONE', #532, #250, #1393 ) ;
#2051 = CARTESIAN_POINT ( 'NONE',  ( -0.1968503937007874405, -0.4921259842519684624, 14.19685039370078883 ) ) ;
#2052 = ORIENTED_EDGE ( 'NONE', *, *, #1429, .T. ) ;
#2053 = CC_DESIGN_PERSON_AND_ORGANIZATION_ASSIGNMENT ( #222, #507, ( #3098 ) ) ;
#2054 = CIRCLE ( 'NONE', #1751, 0.1427165354330708624 ) ;
#2055 = LINE ( 'NONE', #2894, #1902 ) ;
#2056 = CC_DESIGN_DATE_AND_TIME_ASSIGNMENT ( #3271, #1019, ( #3544 ) ) ;
#2057 = DIRECTION ( 'NONE',  ( 1.390597411488029340E-16, -2.885607197488688723E-17, 1.000000000000000000 ) ) ;
#2058 = EDGE_LOOP ( 'NONE', ( #3677, #497, #843, #2061 ) ) ;
#2059 = DIRECTION ( 'NONE',  ( -1.000000000000000000, 0.000000000000000000, 0.000000000000000000 ) ) ;
#2060 = SECURITY_CLASSIFICATION_LEVEL ( 'unclassified' ) ;
#2061 = ORIENTED_EDGE ( 'NONE', *, *, #1677, .T. ) ;
#2062 = PERSON_AND_ORGANIZATION_ROLE ( 'design_supplier' ) ;
#2063 = AXIS2_PLACEMENT_3D ( 'NONE', #3189, #1484, #3227 ) ;
#2064 = CARTESIAN_POINT ( 'NONE',  ( 0.1968503937007873850, -0.4921259842519684624, 0.000000000000000000 ) ) ;
#2065 = LINE ( 'NONE', #3225, #3653 ) ;
#2066 = ORIENTED_EDGE ( 'NONE', *, *, #2472, .T. ) ;
#2067 = FACE_OUTER_BOUND ( 'NONE', #3655, .T. ) ;
#2068 = FACE_OUTER_BOUND ( 'NONE', #3615, .T. ) ;
#2069 = DIRECTION ( 'NONE',  ( -1.000000000000000000, -0.000000000000000000, -0.000000000000000000 ) ) ;
#2070 = LINE ( 'NONE', #922, #348 ) ;
#2071 = DIRECTION ( 'NONE',  ( 0.000000000000000000, 0.000000000000000000, 1.000000000000000000 ) ) ;
#2072 = LOCAL_TIME ( 9, 14, 3.000000000000000000, #1587 ) ;
#2073 = LINE ( 'NONE', #652, #3398 ) ;
#2074 = APPROVAL_STATUS ( 'not_yet_approved' ) ;
#2075 = ORIENTED_EDGE ( 'NONE', *, *, #49, .F. ) ;
#2076 = APPROVAL_DATE_TIME ( #2099, #3083 ) ;
#2077 = CARTESIAN_POINT ( 'NONE',  ( -0.1968503937007874405, -0.4921259842519684624, 23.62204724409448886 ) ) ;
#2078 = CARTESIAN_POINT ( 'NONE',  ( -0.08858267716535414560, 0.4921259842519686289, 1.181102362204724310 ) ) ;
#2079 = ORIENTED_EDGE ( 'NONE', *, *, #3135, .T. ) ;
#2080 = DIRECTION ( 'NONE',  ( 1.000000000000000000, 0.000000000000000000, 0.000000000000000000 ) ) ;
#2081 = CARTESIAN_POINT ( 'NONE',  ( -0.1968503937007874405, 0.000000000000000000, 15.65452755905511673 ) ) ;
#2082 = ADVANCED_FACE ( 'NONE', ( #2089 ), #72, .F. ) ;
#2083 = EDGE_CURVE ( 'NONE', #2425, #2513, #2360, .T. ) ;
#2084 = LINE ( 'NONE', #1769, #1364 ) ;
#2085 = SECURITY_CLASSIFICATION ( '', '', #3390 ) ;
#2086 = CYLINDRICAL_SURFACE ( 'NONE', #1525, 0.1427165354330704461 ) ;
#2087 = CC_DESIGN_SECURITY_CLASSIFICATION ( #2085, ( #3695 ) ) ;
#2088 = CARTESIAN_POINT ( 'NONE',  ( 0.000000000000000000, 0.000000000000000000, 0.3937007874015748254 ) ) ;
#2089 = FACE_OUTER_BOUND ( 'NONE', #3004, .T. ) ;
#2090 = MANIFOLD_SOLID_BREP ( 'Cut-Extrude5', #655 ) ;
#2091 = EDGE_CURVE ( 'NONE', #3072, #903, #1205, .T. ) ;
#2092 = CIRCLE ( 'NONE', #3349, 0.1427165354330704461 ) ;
#2093 = CARTESIAN_POINT ( 'NONE',  ( 41.76719663141142291, 23.67137572176616089, 50.30254482499756108 ) ) ;
#2094 = CC_DESIGN_PERSON_AND_ORGANIZATION_ASSIGNMENT ( #2657, #390, ( #650 ) ) ;
#2095 = CIRCLE ( 'NONE', #483, 0.1377952755905511861 ) ;
#2096 = DIRECTION ( 'NONE',  ( 1.000000000000000000, 0.000000000000000000, 0.000000000000000000 ) ) ;
#2097 = SECURITY_CLASSIFICATION_LEVEL ( 'unclassified' ) ;
#2098 = ORIENTED_EDGE ( 'NONE', *, *, #1580, .T. ) ;
#2099 = DATE_AND_TIME ( #926, #2028 ) ;
#2100 = CARTESIAN_POINT ( 'NONE',  ( 0.1968503937007873850, -0.4921259842519684624, 0.000000000000000000 ) ) ;
#2101 = DIRECTION ( 'NONE',  ( 1.000000000000000000, -0.000000000000000000, 0.000000000000000000 ) ) ;
#2102 = ORIENTED_EDGE ( 'NONE', *, *, #519, .T. ) ;
#2103 = CARTESIAN_POINT ( 'NONE',  ( -0.05905511811023620578, -1.832148754629898243E-15, 0.5905511811023627100 ) ) ;
#2104 = FACE_OUTER_BOUND ( 'NONE', #2058, .T. ) ;
#2105 = CARTESIAN_POINT ( 'NONE',  ( 0.05905511811023620578, 0.4921259842519686289, 0.000000000000000000 ) ) ;
#2106 = LINE ( 'NONE', #3491, #2002 ) ;
#2107 = ADVANCED_FACE ( 'NONE', ( #904, #109, #670 ), #1811, .F. ) ;
#2108 = CARTESIAN_POINT ( 'NONE',  ( -0.08858267716535431213, -2.758979783419901111E-15, 0.5905511811023671509 ) ) ;
#2109 = DIRECTION ( 'NONE',  ( -1.000000000000000000, 0.000000000000000000, 0.000000000000000000 ) ) ;
#2110 = DIRECTION ( 'NONE',  ( -1.000000000000000000, 1.249000902703300861E-16, 1.881155732856382138E-17 ) ) ;
#2111 = LINE ( 'NONE', #2955, #2555 ) ;
#2112 = CALENDAR_DATE ( 2026, 1, 9 ) ;
#2113 = PERSON_AND_ORGANIZATION_ROLE ( 'creator' ) ;
#2114 = ADVANCED_FACE ( 'NONE', ( #1186 ), #1468, .T. ) ;
#2115 = CARTESIAN_POINT ( 'NONE',  ( 0.000000000000000000, 0.000000000000000000, 1.181102362204712319 ) ) ;
#2116 = ORIENTED_EDGE ( 'NONE', *, *, #3199, .T. ) ;
#2117 = SHAPE_REPRESENTATION ( 'LBE And LAE', ( #220 ), #634 ) ;
#2118 = CARTESIAN_POINT ( 'NONE',  ( -0.1968503937007874405, 0.4921259842519686289, 22.44094488188977721 ) ) ;
#2119 = PLANE ( 'NONE',  #3576 ) ;
#2120 = CARTESIAN_POINT ( 'NONE',  ( 0.08858267716535456193, 0.4921259842519686289, 0.000000000000000000 ) ) ;
#2121 = DIRECTION ( 'NONE',  ( 0.000000000000000000, 0.000000000000000000, 1.000000000000000000 ) ) ;
#2122 = FACE_BOUND ( 'NONE', #3594, .T. ) ;
#2123 = APPROVAL_PERSON_ORGANIZATION ( #2757, #1114, #2188 ) ;
#2124 = CARTESIAN_POINT ( 'NONE',  ( 0.08858267716535431213, 0.4921259842519686289, 23.62204724409448886 ) ) ;
#2125 = APPROVAL_STATUS ( 'not_yet_approved' ) ;
#2126 = CARTESIAN_POINT ( 'NONE',  ( -0.05905511811023622659, -0.4921259842519686289, 16.10236220472440749 ) ) ;
#2127 = AXIS2_PLACEMENT_3D ( 'NONE', #73, #2654, #962 ) ;
#2128 = APPROVAL_DATE_TIME ( #1759, #1941 ) ;
#2129 = MANIFOLD_SOLID_BREP ( 'Boss-Extrude1', #2266 ) ;
#2130 = DIRECTION ( 'NONE',  ( -1.000000000000000000, -0.000000000000000000, -0.000000000000000000 ) ) ;
#2131 = APPROVAL_PERSON_ORGANIZATION ( #3053, #1664, #2747 ) ;
#2132 = ORIENTED_EDGE ( 'NONE', *, *, #3088, .F. ) ;
#2133 = DIRECTION ( 'NONE',  ( 0.000000000000000000, 0.000000000000000000, -1.000000000000000000 ) ) ;
#2134 = EDGE_CURVE ( 'NONE', #464, #190, #2590, .T. ) ;
#2135 = CARTESIAN_POINT ( 'NONE',  ( 0.05905511811023622659, -6.654842635857148254E-16, 0.4478346456692918753 ) ) ;
#2136 = MANIFOLD_SOLID_BREP ( 'Cut-Extrude3', #1312 ) ;
#2137 = DIRECTION ( 'NONE',  ( -1.000000000000000000, 0.000000000000000000, 0.000000000000000000 ) ) ;
#2138 = LINE ( 'NONE', #1204, #3371 ) ;
#2139 = APPROVAL ( #1670, 'UNSPECIFIED' ) ;
#2140 = AXIS2_PLACEMENT_3D ( 'NONE', #3264, #642, #2665 ) ;
#2141 = DIRECTION ( 'NONE',  ( -0.000000000000000000, -1.000000000000000000, -0.000000000000000000 ) ) ;
#2142 = CARTESIAN_POINT ( 'NONE',  ( 0.1968503937007873850, 0.4921259842519686289, 0.000000000000000000 ) ) ;
#2143 = CC_DESIGN_SECURITY_CLASSIFICATION ( #2439, ( #3693 ) ) ;
#2144 = APPLICATION_CONTEXT ( 'configuration controlled 3d designs of mechanical parts and assemblies' ) ;
#2145 = EDGE_CURVE ( 'NONE', #2919, #2239, #1163, .T. ) ;
#2146 = VECTOR ( 'NONE', #973, 39.37007874015748143 ) ;
#2147 = AXIS2_PLACEMENT_3D ( 'NONE', #3082, #3665, #738 ) ;
#2148 = ORIENTED_EDGE ( 'NONE', *, *, #3526, .F. ) ;
#2149 = ORIENTED_EDGE ( 'NONE', *, *, #339, .F. ) ;
#2150 = CARTESIAN_POINT ( 'NONE',  ( 0.05905511811023622659, -0.4921259842519686289, 1.181102362204712319 ) ) ;
#2151 = VERTEX_POINT ( 'NONE', #3306 ) ;
#2152 = PERSON_AND_ORGANIZATION_ROLE ( 'classification_officer' ) ;
#2153 = DIRECTION ( 'NONE',  ( -1.000000000000000000, 0.000000000000000000, -0.000000000000000000 ) ) ;
#2154 = CARTESIAN_POINT ( 'NONE',  ( 0.1968503937007873850, 8.878505979408855953E-16, 13.60629921259842590 ) ) ;
#2155 = VERTEX_POINT ( 'NONE', #998 ) ;
#2156 = DIRECTION ( 'NONE',  ( 0.000000000000000000, 0.000000000000000000, -1.000000000000000000 ) ) ;
#2157 = PLANE ( 'NONE',  #584 ) ;
#2158 = AXIS2_PLACEMENT_3D ( 'NONE', #2313, #3520, #2661 ) ;
#2159 = VERTEX_POINT ( 'NONE', #1546 ) ;
#2160 = VERTEX_POINT ( 'NONE', #3608 ) ;
#2161 = PERSON_AND_ORGANIZATION_ROLE ( 'creator' ) ;
#2162 = EDGE_CURVE ( 'NONE', #659, #2364, #466, .T. ) ;
#2163 = PERSON ( 'NAUO-PER6', 'UNSPECIFIED', 'UNSPECIFIED', ('UNSPECIFIED'), ('UNSPECIFIED'), ('UNSPECIFIED') ) ;
#2164 = CALENDAR_DATE ( 2026, 1, 9 ) ;
#2165 = MANIFOLD_SOLID_BREP ( 'Cut-Extrude3', #3286 ) ;
#2166 = CARTESIAN_POINT ( 'NONE',  ( 0.08858267716535431213, 0.4921259842519686289, 22.44094488188977721 ) ) ;
#2167 = VERTEX_POINT ( 'NONE', #1035 ) ;
#2168 = DIRECTION ( 'NONE',  ( -0.000000000000000000, -0.000000000000000000, -1.000000000000000000 ) ) ;
#2169 = VERTEX_POINT ( 'NONE', #723 ) ;
#2170 = PERSON_AND_ORGANIZATION ( #2338, #2784 ) ;
#2171 = ORIENTED_EDGE ( 'NONE', *, *, #1748, .F. ) ;
#2172 = CARTESIAN_POINT ( 'NONE',  ( -0.1968503937007874405, -0.4921259842519684624, 16.10236220472440749 ) ) ;
#2173 = PLANE ( 'NONE',  #1397 ) ;
#2174 = VERTEX_POINT ( 'NONE', #2124 ) ;
#2175 = LINE ( 'NONE', #3065, #1317 ) ;
#2176 = AXIS2_PLACEMENT_3D ( 'NONE', #3507, #3561, #2703 ) ;
#2177 = CARTESIAN_POINT ( 'NONE',  ( 0.05905511811023622659, 0.4921259842519686289, 1.181102362204712319 ) ) ;
#2178 = MANIFOLD_SOLID_BREP ( 'Cut-Extrude3', #1128 ) ;
#2179 = ORIENTED_EDGE ( 'NONE', *, *, #147, .T. ) ;
#2180 = VERTEX_POINT ( 'NONE', #2177 ) ;
#2181 = PERSON_AND_ORGANIZATION ( #2338, #2784 ) ;
#2182 = CALENDAR_DATE ( 2026, 1, 9 ) ;
#2183 = PLANE ( 'NONE',  #3091 ) ;
#2184 = VERTEX_POINT ( 'NONE', #2142 ) ;
#2185 = DIRECTION ( 'NONE',  ( -1.000000000000000000, 0.000000000000000000, 0.000000000000000000 ) ) ;
#2186 = EDGE_LOOP ( 'NONE', ( #3606, #88, #1347, #346 ) ) ;
#2187 = VECTOR ( 'NONE', #710, 39.37007874015748143 ) ;
#2188 = APPROVAL_ROLE ( '' ) ;
#2189 = CARTESIAN_POINT ( 'NONE',  ( -0.05905511811023620578, -1.814671019799547461E-15, 0.4478346456692929856 ) ) ;
#2190 = AXIS2_PLACEMENT_3D ( 'NONE', #2953, #387, #2669 ) ;
#2191 = CARTESIAN_POINT ( 'NONE',  ( 0.05905511811023622659, 0.000000000000000000, 15.65452755905511673 ) ) ;
#2192 = VERTEX_POINT ( 'NONE', #3007 ) ;
#2193 =( REPRESENTATION_RELATIONSHIP ('NONE','NONE', #65, #2237 ) REPRESENTATION_RELATIONSHIP_WITH_TRANSFORMATION ( #3437 )SHAPE_REPRESENTATION_RELATIONSHIP( ) );
#2194 = EDGE_CURVE ( 'NONE', #1743, #2233, #3269, .T. ) ;
#2195 = ADVANCED_FACE ( 'NONE', ( #703 ), #3564, .T. ) ;
#2196 = CARTESIAN_POINT ( 'NONE',  ( 0.08858267716535431213, 0.4921259842519686289, 22.44094488188977721 ) ) ;
#2197 = VECTOR ( 'NONE', #2967, 39.37007874015748143 ) ;
#2198 = CARTESIAN_POINT ( 'NONE',  ( 0.05905511811023622659, 1.229331597148918547E-15, 19.09448818897637778 ) ) ;
#2199 = AXIS2_PLACEMENT_3D ( 'NONE', #1631, #2452, #3604 ) ;
#2200 = ORIENTED_EDGE ( 'NONE', *, *, #1551, .T. ) ;
#2201 = ORIENTED_EDGE ( 'NONE', *, *, #3476, .T. ) ;
#2202 = PERSON_AND_ORGANIZATION_ROLE ( 'design_owner' ) ;
#2203 = CC_DESIGN_APPROVAL ( #875, ( #2260 ) ) ;
#2204 = EDGE_CURVE ( 'NONE', #1892, #2460, #3289, .T. ) ;
#2205 = COORDINATED_UNIVERSAL_TIME_OFFSET ( 5, 0, .BEHIND. ) ;
#2206 = FACE_OUTER_BOUND ( 'NONE', #1873, .T. ) ;
#2207 = LOCAL_TIME ( 9, 14, 3.000000000000000000, #1392 ) ;
#2208 = CC_DESIGN_PERSON_AND_ORGANIZATION_ASSIGNMENT ( #3184, #2674, ( #3345 ) ) ;
#2209 = ORIENTED_EDGE ( 'NONE', *, *, #2700, .T. ) ;
#2210 = DIRECTION ( 'NONE',  ( 0.000000000000000000, 0.000000000000000000, 1.000000000000000000 ) ) ;
#2211 = VECTOR ( 'NONE', #1242, 39.37007874015748143 ) ;
#2212 = VECTOR ( 'NONE', #3163, 39.37007874015748143 ) ;
#2213 = ORIENTED_EDGE ( 'NONE', *, *, #595, .F. ) ;
#2214 = COORDINATED_UNIVERSAL_TIME_OFFSET ( 5, 0, .BEHIND. ) ;
#2215 = AXIS2_PLACEMENT_3D ( 'NONE', #858, #1157, #3186 ) ;
#2216 = DIRECTION ( 'NONE',  ( 0.000000000000000000, 0.000000000000000000, 1.000000000000000000 ) ) ;
#2217 = CARTESIAN_POINT ( 'NONE',  ( -0.1968503937007874405, -0.4921259842519684624, 0.000000000000000000 ) ) ;
#2218 = ORIENTED_EDGE ( 'NONE', *, *, #3641, .F. ) ;
#2219 = ORIENTED_EDGE ( 'NONE', *, *, #1600, .F. ) ;
#2220 = CC_DESIGN_PERSON_AND_ORGANIZATION_ASSIGNMENT ( #1302, #1281, ( #1161 ) ) ;
#2221 = CARTESIAN_POINT ( 'NONE',  ( 0.000000000000000000, 0.000000000000000000, 14.92125984251969584 ) ) ;
#2222 = FACE_BOUND ( 'NONE', #2345, .T. ) ;
#2223 = ORIENTED_EDGE ( 'NONE', *, *, #3370, .T. ) ;
#2224 = ORIENTED_EDGE ( 'NONE', *, *, #1145, .F. ) ;
#2225 = CIRCLE ( 'NONE', #2947, 0.1427165354330704461 ) ;
#2226 = ORIENTED_EDGE ( 'NONE', *, *, #1840, .F. ) ;
#2227 = CYLINDRICAL_SURFACE ( 'NONE', #3211, 0.1427165354330704461 ) ;
#2228 = EDGE_LOOP ( 'NONE', ( #1203, #1878, #3226, #119 ) ) ;
#2229 = APPROVAL_STATUS ( 'not_yet_approved' ) ;
#2230 = FACE_OUTER_BOUND ( 'NONE', #2491, .T. ) ;
#2231 = LINE ( 'NONE', #1954, #2339 ) ;
#2232 = ORIENTED_EDGE ( 'NONE', *, *, #2302, .F. ) ;
#2233 = VERTEX_POINT ( 'NONE', #755 ) ;
#2234 = DESIGN_CONTEXT ( 'detailed design', #667, 'design' ) ;
#2235 = CARTESIAN_POINT ( 'NONE',  ( 0.1968503937007873850, -0.4921259842519684624, 23.62204724409448886 ) ) ;
#2236 = DIRECTION ( 'NONE',  ( 0.000000000000000000, 0.000000000000000000, 1.000000000000000000 ) ) ;
#2237 = SHAPE_REPRESENTATION ( 'Soph Design pin', ( #220 ), #1052 ) ;
#2238 = ORIENTED_EDGE ( 'NONE', *, *, #2641, .T. ) ;
#2239 = VERTEX_POINT ( 'NONE', #1565 ) ;
#2240 = CARTESIAN_POINT ( 'NONE',  ( 0.05905511811023622659, -0.4921259842519686289, 19.68503937007874072 ) ) ;
#2241 = ADVANCED_FACE ( 'NONE', ( #1885 ), #739, .F. ) ;
#2242 = ORIENTED_EDGE ( 'NONE', *, *, #3023, .F. ) ;
#2243 = DATE_TIME_ROLE ( 'creation_date' ) ;
#2244 = DIRECTION ( 'NONE',  ( 0.000000000000000000, 0.000000000000000000, 1.000000000000000000 ) ) ;
#2245 = CYLINDRICAL_SURFACE ( 'NONE', #301, 0.1427165354330704461 ) ;
#2246 = LINE ( 'NONE', #1690, #3629 ) ;
#2247 = EDGE_CURVE ( 'NONE', #785, #1900, #2686, .T. ) ;
#2248 = ADVANCED_FACE ( 'NONE', ( #1340 ), #2157, .F. ) ;
#2249 = AXIS2_PLACEMENT_3D ( 'NONE', #671, #2593, #33 ) ;
#2250 = APPROVAL_PERSON_ORGANIZATION ( #1928, #1087, #761 ) ;
#2251 = PLANE ( 'NONE',  #112 ) ;
#2252 = PRODUCT_DEFINITION ( 'UNKNOWN', '', #3345, #3664 ) ;
#2253 = DIRECTION ( 'NONE',  ( 1.000000000000000000, 0.000000000000000000, 0.000000000000000000 ) ) ;
#2254 = PRODUCT ( 'LBE And LAE', 'LBE And LAE', '', ( #78 ) ) ;
#2255 = ORIENTED_EDGE ( 'NONE', *, *, #640, .T. ) ;
#2256 = ORIENTED_EDGE ( 'NONE', *, *, #2486, .F. ) ;
#2257 = ADVANCED_FACE ( 'NONE', ( #2726 ), #1864, .F. ) ;
#2258 = ORIENTED_EDGE ( 'NONE', *, *, #204, .T. ) ;
#2259 = DIRECTION ( 'NONE',  ( -0.000000000000000000, -1.000000000000000000, -0.000000000000000000 ) ) ;
#2260 = SECURITY_CLASSIFICATION ( '', '', #2097 ) ;
#2261 = ORIENTED_EDGE ( 'NONE', *, *, #3466, .T. ) ;
#2262 = ADVANCED_FACE ( 'NONE', ( #2741 ), #404, .T. ) ;
#2263 = APPLICATION_PROTOCOL_DEFINITION ( 'international standard', 'config_control_design', 1994, #2838 ) ;
#2264 = DIRECTION ( 'NONE',  ( 0.000000000000000000, 0.000000000000000000, 1.000000000000000000 ) ) ;
#2265 = DIRECTION ( 'NONE',  ( -0.000000000000000000, -0.000000000000000000, -1.000000000000000000 ) ) ;
#2266 = CLOSED_SHELL ( 'NONE', ( #1416, #2114, #3061, #1768 ) ) ;
#2267 = CARTESIAN_POINT ( 'NONE',  ( 0.1968503937007873850, -1.832148754629898243E-15, 0.7332677165354325455 ) ) ;
#2268 = VECTOR ( 'NONE', #2380, 39.37007874015748143 ) ;
#2269 = DIRECTION ( 'NONE',  ( -1.000000000000000000, -0.000000000000000000, -0.000000000000000000 ) ) ;
#2270 = VECTOR ( 'NONE', #1960, 39.37007874015748143 ) ;
#2271 = DIRECTION ( 'NONE',  ( 1.196361017915048607E-16, -1.000000000000000000, 0.000000000000000000 ) ) ;
#2272 = EDGE_LOOP ( 'NONE', ( #712, #3284 ) ) ;
#2273 =( NAMED_UNIT ( * ) SI_UNIT ( $, .STERADIAN. ) SOLID_ANGLE_UNIT ( ) );
#2274 = EDGE_LOOP ( 'NONE', ( #3657, #986, #3109, #2516 ) ) ;
#2275 = ORIENTED_EDGE ( 'NONE', *, *, #3420, .F. ) ;
#2276 = CARTESIAN_POINT ( 'NONE',  ( -0.1968503937007874405, 0.4921259842519686289, 19.68503937007874072 ) ) ;
#2277 = VECTOR ( 'NONE', #3076, 39.37007874015748143 ) ;
#2278 = COORDINATED_UNIVERSAL_TIME_OFFSET ( 5, 0, .BEHIND. ) ;
#2279 = ORIENTED_EDGE ( 'NONE', *, *, #2134, .T. ) ;
#2280 = DATE_AND_TIME ( #2024, #1672 ) ;
#2281 = CARTESIAN_POINT ( 'NONE',  ( -0.1968503937007874405, 0.4921259842519686289, 0.000000000000000000 ) ) ;
#2282 = DIRECTION ( 'NONE',  ( -0.000000000000000000, -0.000000000000000000, -1.000000000000000000 ) ) ;
#2283 = EDGE_LOOP ( 'NONE', ( #328, #353, #835, #675 ) ) ;
#2284 = LINE ( 'NONE', #607, #2435 ) ;
#2285 = DIRECTION ( 'NONE',  ( 1.000000000000000000, 0.000000000000000000, 0.000000000000000000 ) ) ;
#2286 = EDGE_LOOP ( 'NONE', ( #1592, #1438, #3294, #1478 ) ) ;
#2287 = EDGE_CURVE ( 'NONE', #3382, #2425, #129, .T. ) ;
#2288 = DATE_TIME_ROLE ( 'classification_date' ) ;
#2289 = FACE_OUTER_BOUND ( 'NONE', #510, .T. ) ;
#2290 = ORIENTED_EDGE ( 'NONE', *, *, #3199, .F. ) ;
#2291 = LINE ( 'NONE', #2020, #2212 ) ;
#2292 = PERSON_AND_ORGANIZATION_ROLE ( 'classification_officer' ) ;
#2293 = ORIENTED_EDGE ( 'NONE', *, *, #3368, .F. ) ;
#2294 = CALENDAR_DATE ( 2026, 1, 9 ) ;
#2295 = CARTESIAN_POINT ( 'NONE',  ( -0.1968503937007874405, -0.4921259842519684624, 14.19685039370078883 ) ) ;
#2296 = LOCAL_TIME ( 9, 14, 3.000000000000000000, #1567 ) ;
#2297 = CARTESIAN_POINT ( 'NONE',  ( 0.05905511811023622659, -6.829619984160658046E-16, 0.7332677165354336557 ) ) ;
#2298 = CARTESIAN_POINT ( 'NONE',  ( 0.1968503937007873850, -1.024442997624098658E-15, 0.7332677165354336557 ) ) ;
#2299 = DIRECTION ( 'NONE',  ( 0.000000000000000000, 0.000000000000000000, 1.000000000000000000 ) ) ;
#2300 = EDGE_CURVE ( 'NONE', #3510, #1962, #1298, .T. ) ;
#2301 =( GEOMETRIC_REPRESENTATION_CONTEXT ( 3 ) GLOBAL_UNCERTAINTY_ASSIGNED_CONTEXT ( ( #70 ) ) GLOBAL_UNIT_ASSIGNED_CONTEXT ( ( #2823, #1681, #799 ) ) REPRESENTATION_CONTEXT ( 'NONE', 'WORKASPACE' ) );
#2302 = EDGE_CURVE ( 'NONE', #1287, #3166, #144, .T. ) ;
#2303 = CARTESIAN_POINT ( 'NONE',  ( -0.1968503937007874405, -0.4921259842519684624, 14.19685039370078883 ) ) ;
#2304 = LOCAL_TIME ( 9, 14, 3.000000000000000000, #3652 ) ;
#2305 = CARTESIAN_POINT ( 'NONE',  ( -0.05905511811023622659, -0.4921259842519686289, 18.50393700787402906 ) ) ;
#2306 = VERTEX_POINT ( 'NONE', #1279 ) ;
#2307 = CARTESIAN_POINT ( 'NONE',  ( 0.08858267716535456193, 0.4921259842519686289, 1.181102362204724310 ) ) ;
#2308 = APPROVAL_STATUS ( 'not_yet_approved' ) ;
#2309 = ORIENTED_EDGE ( 'NONE', *, *, #3433, .T. ) ;
#2310 = CIRCLE ( 'NONE', #2199, 0.1427165354330708624 ) ;
#2311 = APPROVAL_ROLE ( '' ) ;
#2312 = CC_DESIGN_DATE_AND_TIME_ASSIGNMENT ( #3570, #1623, ( #928 ) ) ;
#2313 = CARTESIAN_POINT ( 'NONE',  ( 0.1968503937007873850, -6.829619984160658046E-16, 0.5905511811023627100 ) ) ;
#2314 = CYLINDRICAL_SURFACE ( 'NONE', #2035, 0.1427165354330708624 ) ;
#2315 = ORIENTED_EDGE ( 'NONE', *, *, #3415, .T. ) ;
#2316 = DIRECTION ( 'NONE',  ( 1.000000000000000000, 0.000000000000000000, 0.000000000000000000 ) ) ;
#2317 = SECURITY_CLASSIFICATION ( '', '', #2974 ) ;
#2318 = EDGE_CURVE ( 'NONE', #2526, #808, #171, .T. ) ;
#2319 = CARTESIAN_POINT ( 'NONE',  ( 0.1968503937007873850, 0.000000000000000000, 15.51181102362204633 ) ) ;
#2320 = ORIENTED_EDGE ( 'NONE', *, *, #1060, .F. ) ;
#2321 = CC_DESIGN_DATE_AND_TIME_ASSIGNMENT ( #131, #705, ( #1161 ) ) ;
#2322 = AXIS2_PLACEMENT_3D ( 'NONE', #2876, #609, #696 ) ;
#2323 = AXIS2_PLACEMENT_3D ( 'NONE', #2436, #3305, #1883 ) ;
#2324 = DIRECTION ( 'NONE',  ( 1.000000000000000000, 0.000000000000000000, 0.000000000000000000 ) ) ;
#2325 = APPLICATION_CONTEXT ( 'configuration controlled 3d designs of mechanical parts and assemblies' ) ;
#2326 = ORIENTED_EDGE ( 'NONE', *, *, #1137, .F. ) ;
#2327 = PLANE ( 'NONE',  #2018 ) ;
#2328 = DATE_TIME_ROLE ( 'classification_date' ) ;
#2329 = ORIENTED_EDGE ( 'NONE', *, *, #824, .F. ) ;
#2330 = PERSON_AND_ORGANIZATION ( #2338, #2784 ) ;
#2331 = LINE ( 'NONE', #1534, #848 ) ;
#2332 = LINE ( 'NONE', #361, #1916 ) ;
#2333 = ORIENTED_EDGE ( 'NONE', *, *, #1195, .F. ) ;
#2334 = CARTESIAN_POINT ( 'NONE',  ( -0.05905511811023622659, 0.4921259842519686289, 13.01574803149607718 ) ) ;
#2335 = LINE ( 'NONE', #2949, #1723 ) ;
#2336 = ORIENTED_EDGE ( 'NONE', *, *, #1492, .T. ) ;
#2337 = CARTESIAN_POINT ( 'NONE',  ( 0.05905511811023622659, 0.4921259842519686289, 16.10236220472440749 ) ) ;
#2338 = PERSON ( 'UNSPECIFIED', 'UNSPECIFIED', 'UNSPECIFIED', ('UNSPECIFIED'), ('UNSPECIFIED'), ('UNSPECIFIED') ) ;
#2339 = VECTOR ( 'NONE', #3099, 39.37007874015748143 ) ;
#2340 = CARTESIAN_POINT ( 'NONE',  ( -0.1968503937007874405, -0.4921259842519684624, 19.68503937007874072 ) ) ;
#2341 = EDGE_CURVE ( 'NONE', #1735, #1579, #183, .T. ) ;
#2342 = CARTESIAN_POINT ( 'NONE',  ( 0.1968503937007873850, 8.878505979408855953E-16, 13.60629921259842590 ) ) ;
#2343 = APPROVAL_DATE_TIME ( #1778, #875 ) ;
#2344 = EDGE_CURVE ( 'NONE', #3027, #1665, #3550, .T. ) ;
#2345 = EDGE_LOOP ( 'NONE', ( #2694, #1104 ) ) ;
#2346 = DATE_TIME_ROLE ( 'creation_date' ) ;
#2347 = VECTOR ( 'NONE', #2930, 39.37007874015748143 ) ;
#2348 = CARTESIAN_POINT ( 'NONE',  ( 0.05905511811023622659, -0.4921259842519686289, 16.10236220472440749 ) ) ;
#2349 = LINE ( 'NONE', #637, #2872 ) ;
#2350 = ORIENTED_EDGE ( 'NONE', *, *, #2401, .F. ) ;
#2351 = CARTESIAN_POINT ( 'NONE',  ( -0.1968503937007874405, 1.747773483035079435E-17, 15.36909448818897594 ) ) ;
#2352 = DIRECTION ( 'NONE',  ( 0.000000000000000000, 1.000000000000000000, 0.000000000000000000 ) ) ;
#2353 = ADVANCED_FACE ( 'NONE', ( #2289 ), #1717, .F. ) ;
#2354 = DIRECTION ( 'NONE',  ( 0.000000000000000000, 0.000000000000000000, -1.000000000000000000 ) ) ;
#2355 = EDGE_CURVE ( 'NONE', #1669, #1083, #3531, .T. ) ;
#2356 = PLANE ( 'NONE',  #2176 ) ;
#2357 = CC_DESIGN_DATE_AND_TIME_ASSIGNMENT ( #247, #565, ( #831 ) ) ;
#2358 = CARTESIAN_POINT ( 'NONE',  ( -0.05905511811023622659, -0.4921259842519686289, 18.50393700787402906 ) ) ;
#2359 = ORIENTED_EDGE ( 'NONE', *, *, #1862, .F. ) ;
#2360 = LINE ( 'NONE', #3454, #644 ) ;
#2361 = DIRECTION ( 'NONE',  ( 0.000000000000000000, 0.000000000000000000, 0.9999999999999998890 ) ) ;
#2362 = DIRECTION ( 'NONE',  ( -1.000000000000000000, -0.000000000000000000, -0.000000000000000000 ) ) ;
#2363 = PERSON_AND_ORGANIZATION_ROLE ( 'classification_officer' ) ;
#2364 = VERTEX_POINT ( 'NONE', #1791 ) ;
#2365 = PERSON_AND_ORGANIZATION_ROLE ( 'design_owner' ) ;
#2366 = AXIS2_PLACEMENT_3D ( 'NONE', #2652, #1527, #3178 ) ;
#2367 = EDGE_CURVE ( 'NONE', #492, #3064, #3267, .T. ) ;
#2368 = LINE ( 'NONE', #1175, #2519 ) ;
#2369 = CARTESIAN_POINT ( 'NONE',  ( -0.05905511811023622659, -0.4921259842519686289, 1.181102362204712319 ) ) ;
#2370 = ORIENTED_EDGE ( 'NONE', *, *, #1137, .T. ) ;
#2371 = SHAPE_REPRESENTATION ( 'LCD', ( #220 ), #1471 ) ;
#2372 = LINE ( 'NONE', #2962, #1616 ) ;
#2373 = CIRCLE ( 'NONE', #585, 0.1427165354330697800 ) ;
#2374 = DIRECTION ( 'NONE',  ( -1.000000000000000000, 0.000000000000000000, -0.000000000000000000 ) ) ;
#2375 = APPROVAL_PERSON_ORGANIZATION ( #3126, #3195, #1685 ) ;
#2376 = DIRECTION ( 'NONE',  ( -0.000000000000000000, -1.000000000000000000, -0.000000000000000000 ) ) ;
#2377 = LINE ( 'NONE', #991, #3008 ) ;
#2378 = LOCAL_TIME ( 9, 14, 3.000000000000000000, #1830 ) ;
#2379 = APPLICATION_CONTEXT ( 'configuration controlled 3d designs of mechanical parts and assemblies' ) ;
#2380 = DIRECTION ( 'NONE',  ( -1.000000000000000000, -0.000000000000000000, -0.000000000000000000 ) ) ;
#2381 = DIRECTION ( 'NONE',  ( -1.214306433183764966E-16, 1.000000000000000000, -0.000000000000000000 ) ) ;
#2382 = AXIS2_PLACEMENT_3D ( 'NONE', #1353, #794, #1942 ) ;
#2383 = AXIS2_PLACEMENT_3D ( 'NONE', #3334, #490, #3575 ) ;
#2384 = ADVANCED_FACE ( 'NONE', ( #702 ), #1545, .T. ) ;
#2385 = DIRECTION ( 'NONE',  ( 0.000000000000000000, 0.000000000000000000, 0.9999999999999997780 ) ) ;
#2386 = AXIS2_PLACEMENT_3D ( 'NONE', #61, #2101, #3243 ) ;
#2387 = LINE ( 'NONE', #3496, #1839 ) ;
#2388 = PERSON_AND_ORGANIZATION ( #2163, #2681 ) ;
#2389 = CALENDAR_DATE ( 2026, 1, 9 ) ;
#2390 = CYLINDRICAL_SURFACE ( 'NONE', #2883, 0.1427165354330697800 ) ;
#2391 = EDGE_LOOP ( 'NONE', ( #1043, #2739, #3202, #1055 ) ) ;
#2392 = CYLINDRICAL_SURFACE ( 'NONE', #1410, 0.1427165354330708624 ) ;
#2393 = LINE ( 'NONE', #902, #2679 ) ;
#2394 = DIRECTION ( 'NONE',  ( -1.000000000000000000, -0.000000000000000000, -0.000000000000000000 ) ) ;
#2395 = CARTESIAN_POINT ( 'NONE',  ( 0.05905511811023620578, 0.4921259842519686289, 0.000000000000000000 ) ) ;
#2396 = AXIS2_PLACEMENT_3D ( 'NONE', #2814, #2009, #805 ) ;
#2397 = CARTESIAN_POINT ( 'NONE',  ( -0.08858267716535438152, 0.4921259842519686289, 23.62204724409448886 ) ) ;
#2398 = DIRECTION ( 'NONE',  ( -1.000000000000000000, -0.000000000000000000, -0.000000000000000000 ) ) ;
#2399 = MECHANICAL_CONTEXT ( 'NONE', #2325, 'mechanical' ) ;
#2400 = EDGE_CURVE ( 'NONE', #2767, #2484, #2966, .T. ) ;
#2401 = EDGE_CURVE ( 'NONE', #2919, #815, #3214, .T. ) ;
#2402 = CARTESIAN_POINT ( 'NONE',  ( -0.1968503937007874405, -0.4921259842519684624, 16.10236220472440749 ) ) ;
#2403 = CALENDAR_DATE ( 2026, 1, 9 ) ;
#2404 = CARTESIAN_POINT ( 'NONE',  ( 0.000000000000000000, 0.000000000000000000, 0.000000000000000000 ) ) ;
#2405 = ORIENTED_EDGE ( 'NONE', *, *, #641, .F. ) ;
#2406 = CC_DESIGN_PERSON_AND_ORGANIZATION_ASSIGNMENT ( #549, #2525, ( #831 ) ) ;
#2407 = ORIENTED_EDGE ( 'NONE', *, *, #1750, .F. ) ;
#2408 = FACE_OUTER_BOUND ( 'NONE', #3318, .T. ) ;
#2409 = PLANE ( 'NONE',  #2854 ) ;
#2410 = FACE_OUTER_BOUND ( 'NONE', #3183, .T. ) ;
#2411 = DIRECTION ( 'NONE',  ( 0.000000000000000000, 0.000000000000000000, 1.000000000000000000 ) ) ;
#2412 = EDGE_CURVE ( 'NONE', #1572, #2440, #1248, .T. ) ;
#2413 = EDGE_CURVE ( 'NONE', #2778, #2192, #1260, .T. ) ;
#2414 = LINE ( 'NONE', #996, #1733 ) ;
#2415 = ADVANCED_FACE ( 'NONE', ( #2858 ), #143, .T. ) ;
#2416 = DIRECTION ( 'NONE',  ( 1.000000000000000000, 0.000000000000000000, 0.000000000000000000 ) ) ;
#2417 = ORIENTED_EDGE ( 'NONE', *, *, #824, .T. ) ;
#2418 = APPLICATION_PROTOCOL_DEFINITION ( 'international standard', 'config_control_design', 1994, #1183 ) ;
#2419 = AXIS2_PLACEMENT_3D ( 'NONE', #1537, #987, #3557 ) ;
#2420 = CIRCLE ( 'NONE', #1655, 0.1427165354330708624 ) ;
#2421 = APPROVAL_STATUS ( 'not_yet_approved' ) ;
#2422 = PRODUCT_DEFINITION_SHAPE ( 'NONE', 'NONE',  #3695 ) ;
#2423 = PRODUCT_DEFINITION_SHAPE ( 'NONE', 'NONE',  #3703 ) ;
#2424 = CC_DESIGN_SECURITY_CLASSIFICATION ( #344, ( #1464 ) ) ;
#2425 = VERTEX_POINT ( 'NONE', #2017 ) ;
#2426 = DIRECTION ( 'NONE',  ( -1.000000000000000000, 0.000000000000000000, 0.000000000000000000 ) ) ;
#2427 = APPROVAL ( #1739, 'UNKNOWN' ) ;
#2428 = EDGE_LOOP ( 'NONE', ( #3670, #1112, #3369, #2201 ) ) ;
#2429 = VECTOR ( 'NONE', #2037, 39.37007874015748143 ) ;
#2430 = DATE_TIME_ROLE ( 'classification_date' ) ;
#2431 = EDGE_LOOP ( 'NONE', ( #3068, #1066, #2454, #3326 ) ) ;
#2432 = LINE ( 'NONE', #1334, #3159 ) ;
#2433 = DIRECTION ( 'NONE',  ( -1.000000000000000000, -0.000000000000000000, -0.000000000000000000 ) ) ;
#2434 = EDGE_LOOP ( 'NONE', ( #1150, #2841, #2522, #2293 ) ) ;
#2435 = VECTOR ( 'NONE', #1749, 39.37007874015748143 ) ;
#2436 = CARTESIAN_POINT ( 'NONE',  ( 0.1968503937007873850, 0.000000000000000000, 15.51181102362204633 ) ) ;
#2437 = PRODUCT_RELATED_PRODUCT_CATEGORY ( 'detail', '', ( #2795 ) ) ;
#2438 = DIRECTION ( 'NONE',  ( 0.000000000000000000, 0.000000000000000000, -1.000000000000000000 ) ) ;
#2439 = SECURITY_CLASSIFICATION ( '', '', #2596 ) ;
#2440 = VERTEX_POINT ( 'NONE', #297 ) ;
#2441 = VERTEX_POINT ( 'NONE', #960 ) ;
#2442 = CALENDAR_DATE ( 2026, 1, 9 ) ;
#2443 = AXIS2_PLACEMENT_3D ( 'NONE', #1982, #3381, #238 ) ;
#2444 = APPROVAL_DATE_TIME ( #725, #2712 ) ;
#2445 = CIRCLE ( 'NONE', #3290, 0.1427165354330704461 ) ;
#2446 = DIRECTION ( 'NONE',  ( 1.000000000000000000, -0.000000000000000000, -0.000000000000000000 ) ) ;
#2447 = AXIS2_PLACEMENT_3D ( 'NONE', #83, #2133, #3504 ) ;
#2448 = ORIENTED_EDGE ( 'NONE', *, *, #537, .T. ) ;
#2449 = CARTESIAN_POINT ( 'NONE',  ( -0.1968503937007874405, -0.4921259842519684624, 0.000000000000000000 ) ) ;
#2450 = ORIENTED_EDGE ( 'NONE', *, *, #3548, .T. ) ;
#2451 = DATE_TIME_ROLE ( 'creation_date' ) ;
#2452 = DIRECTION ( 'NONE',  ( -1.000000000000000000, 0.000000000000000000, 0.000000000000000000 ) ) ;
#2453 = DIRECTION ( 'NONE',  ( 0.000000000000000000, 0.000000000000000000, 1.000000000000000000 ) ) ;
#2454 = ORIENTED_EDGE ( 'NONE', *, *, #3525, .F. ) ;
#2455 = APPLICATION_CONTEXT ( 'configuration controlled 3d designs of mechanical parts and assemblies' ) ;
#2456 = LINE ( 'NONE', #444, #3348 ) ;
#2457 = CARTESIAN_POINT ( 'NONE',  ( -0.1968503937007874405, -0.4921259842519684624, 19.68503937007874072 ) ) ;
#2458 = VECTOR ( 'NONE', #2582, 39.37007874015748143 ) ;
#2459 = ORIENTED_EDGE ( 'NONE', *, *, #2247, .F. ) ;
#2460 = VERTEX_POINT ( 'NONE', #1809 ) ;
#2461 = DATE_AND_TIME ( #1622, #2296 ) ;
#2462 = CALENDAR_DATE ( 2026, 1, 9 ) ;
#2463 = EDGE_CURVE ( 'NONE', #3092, #941, #3251, .T. ) ;
#2464 = ORIENTED_EDGE ( 'NONE', *, *, #3598, .T. ) ;
#2465 = CARTESIAN_POINT ( 'NONE',  ( -0.08858267716535414560, 0.4921259842519686289, 1.181102362204724310 ) ) ;
#2466 = EDGE_CURVE ( 'NONE', #1621, #3640, #891, .T. ) ;
#2467 = VERTEX_POINT ( 'NONE', #386 ) ;
#2468 = CALENDAR_DATE ( 2026, 1, 9 ) ;
#2469 = FACE_OUTER_BOUND ( 'NONE', #2825, .T. ) ;
#2470 = DIRECTION ( 'NONE',  ( -1.000000000000000000, 0.000000000000000000, -0.000000000000000000 ) ) ;
#2471 = ORIENTED_EDGE ( 'NONE', *, *, #1642, .F. ) ;
#2472 = EDGE_CURVE ( 'NONE', #1639, #2715, #1512, .T. ) ;
#2473 = DIRECTION ( 'NONE',  ( -1.000000000000000000, 0.000000000000000000, 0.000000000000000000 ) ) ;
#2474 = ADVANCED_BREP_SHAPE_REPRESENTATION ( '', ( #2090, #220 ), #634 ) ;
#2475 = CARTESIAN_POINT ( 'NONE',  ( 0.000000000000000000, 0.000000000000000000, 0.000000000000000000 ) ) ;
#2476 = CC_DESIGN_DATE_AND_TIME_ASSIGNMENT ( #2829, #2243, ( #2915 ) ) ;
#2477 = ORIENTED_EDGE ( 'NONE', *, *, #1047, .T. ) ;
#2478 = PERSON_AND_ORGANIZATION ( #2338, #2784 ) ;
#2479 = DATE_AND_TIME ( #429, #2072 ) ;
#2480 = CARTESIAN_POINT ( 'NONE',  ( -0.08858267716535425662, -0.4921259842519684624, 1.181102362204724310 ) ) ;
#2481 = CC_DESIGN_PERSON_AND_ORGANIZATION_ASSIGNMENT ( #427, #2202, ( #2795 ) ) ;
#2482 = ORIENTED_EDGE ( 'NONE', *, *, #2599, .T. ) ;
#2483 = DIRECTION ( 'NONE',  ( -0.000000000000000000, -0.000000000000000000, -1.000000000000000000 ) ) ;
#2484 = VERTEX_POINT ( 'NONE', #684 ) ;
#2485 = DATE_AND_TIME ( #229, #213 ) ;
#2486 = EDGE_CURVE ( 'NONE', #2467, #807, #2952, .T. ) ;
#2487 = VECTOR ( 'NONE', #2316, 39.37007874015748143 ) ;
#2488 = CARTESIAN_POINT ( 'NONE',  ( -0.1968503937007874405, 1.246809331979269329E-15, 18.95177165354330739 ) ) ;
#2489 = CARTESIAN_POINT ( 'NONE',  ( 0.05905511811023622659, 0.4921259842519686289, 14.92125984251969584 ) ) ;
#2490 = ORIENTED_EDGE ( 'NONE', *, *, #3304, .F. ) ;
#2491 = EDGE_LOOP ( 'NONE', ( #1419, #1351, #1211, #1940 ) ) ;
#2492 = PRODUCT_DEFINITION_SHAPE ( 'NONE', 'NONE',  #455 ) ;
#2493 = DESIGN_CONTEXT ( 'detailed design', #1237, 'design' ) ;
#2494 = DIRECTION ( 'NONE',  ( -1.000000000000000000, 0.000000000000000000, 0.000000000000000000 ) ) ;
#2495 = VECTOR ( 'NONE', #1777, 39.37007874015748143 ) ;
#2496 = LINE ( 'NONE', #2835, #1321 ) ;
#2497 = VECTOR ( 'NONE', #3319, 39.37007874015748143 ) ;
#2498 = ORIENTED_EDGE ( 'NONE', *, *, #274, .F. ) ;
#2499 = ORIENTED_EDGE ( 'NONE', *, *, #130, .T. ) ;
#2500 = CC_DESIGN_APPROVAL ( #1637, ( #2439 ) ) ;
#2502 = EDGE_CURVE ( 'NONE', #2937, #3187, #2414, .T. ) ;
#2501 = COORDINATED_UNIVERSAL_TIME_OFFSET ( 5, 0, .BEHIND. ) ;
#2503 = CC_DESIGN_APPROVAL ( #2139, ( #2915 ) ) ;
#2504 = VERTEX_POINT ( 'NONE', #1526 ) ;
#2505 = FACE_OUTER_BOUND ( 'NONE', #1375, .T. ) ;
#2506 = AXIS2_PLACEMENT_3D ( 'NONE', #2936, #3234, #1842 ) ;
#2507 = VERTEX_POINT ( 'NONE', #128 ) ;
#2508 = PERSON_AND_ORGANIZATION ( #2338, #2784 ) ;
#2509 = AXIS2_PLACEMENT_3D ( 'NONE', #877, #3147, #306 ) ;
#2510 = LINE ( 'NONE', #10, #435 ) ;
#2511 = CARTESIAN_POINT ( 'NONE',  ( 0.1968503937007873850, 0.000000000000000000, 15.51181102362204633 ) ) ;
#2512 = EDGE_LOOP ( 'NONE', ( #2548, #1889, #2773, #257 ) ) ;
#2513 = VERTEX_POINT ( 'NONE', #2397 ) ;
#2514 = DIRECTION ( 'NONE',  ( 0.000000000000000000, 0.000000000000000000, -1.000000000000000000 ) ) ;
#2515 = CARTESIAN_POINT ( 'NONE',  ( 0.05905511811023622659, -0.4921259842519686289, 14.92125984251969584 ) ) ;
#2516 = ORIENTED_EDGE ( 'NONE', *, *, #1168, .T. ) ;
#2517 = EDGE_CURVE ( 'NONE', #1611, #1045, #3549, .T. ) ;
#2518 = PERSON_AND_ORGANIZATION ( #117, #1171 ) ;
#2519 = VECTOR ( 'NONE', #393, 39.37007874015748143 ) ;
#2520 = ADVANCED_FACE ( 'NONE', ( #3287, #2122, #500 ), #754, .F. ) ;
#2521 = EDGE_CURVE ( 'NONE', #1962, #2824, #2456, .T. ) ;
#2522 = ORIENTED_EDGE ( 'NONE', *, *, #2817, .F. ) ;
#2523 = CARTESIAN_POINT ( 'NONE',  ( -0.05905511811023620578, -6.829619984160658046E-16, 0.7332677165354336557 ) ) ;
#2524 = VECTOR ( 'NONE', #3621, 39.37007874015748143 ) ;
#2525 = PERSON_AND_ORGANIZATION_ROLE ( 'classification_officer' ) ;
#2526 = VERTEX_POINT ( 'NONE', #2196 ) ;
#2527 =( REPRESENTATION_RELATIONSHIP ('NONE','NONE', #65, #2117 ) REPRESENTATION_RELATIONSHIP_WITH_TRANSFORMATION ( #2827 )SHAPE_REPRESENTATION_RELATIONSHIP( ) );
#2528 = PERSON_AND_ORGANIZATION ( #2338, #2784 ) ;
#2529 = CC_DESIGN_PERSON_AND_ORGANIZATION_ASSIGNMENT ( #1855, #2152, ( #44 ) ) ;
#2530 = DIRECTION ( 'NONE',  ( 0.000000000000000000, 0.000000000000000000, -1.000000000000000000 ) ) ;
#2531 = DIRECTION ( 'NONE',  ( -1.000000000000000000, -0.000000000000000000, -0.000000000000000000 ) ) ;
#2532 = DIRECTION ( 'NONE',  ( -0.000000000000000000, -0.000000000000000000, 1.000000000000000000 ) ) ;
#2533 = CARTESIAN_POINT ( 'NONE',  ( 0.1968503937007873850, 0.4921259842519686289, 1.181102362204724310 ) ) ;
#2534 = EDGE_CURVE ( 'NONE', #1999, #1427, #3112, .T. ) ;
#2535 = CYLINDRICAL_SURFACE ( 'NONE', #663, 0.1427165354330708624 ) ;
#2536 = EDGE_LOOP ( 'NONE', ( #3391, #3638, #1116, #2448 ) ) ;
#2537 = ADVANCED_FACE ( 'NONE', ( #2725 ), #3587, .F. ) ;
#2538 = VECTOR ( 'NONE', #1509, 39.37007874015748143 ) ;
#2539 = EDGE_CURVE ( 'NONE', #2180, #335, #1901, .T. ) ;
#2540 =( LENGTH_UNIT ( ) NAMED_UNIT ( * ) SI_UNIT ( $, .METRE. ) );
#2541 = EDGE_LOOP ( 'NONE', ( #2614, #2756 ) ) ;
#2542 = DIRECTION ( 'NONE',  ( 0.000000000000000000, 0.000000000000000000, 1.000000000000000000 ) ) ;
#2543 = DATE_AND_TIME ( #264, #471 ) ;
#2544 = ORIENTED_EDGE ( 'NONE', *, *, #2463, .F. ) ;
#2545 = APPLICATION_PROTOCOL_DEFINITION ( 'international standard', 'config_control_design', 1994, #2379 ) ;
#2546 = DIRECTION ( 'NONE',  ( -0.000000000000000000, -1.000000000000000000, -0.000000000000000000 ) ) ;
#2547 = FACE_OUTER_BOUND ( 'NONE', #1037, .T. ) ;
#2548 = ORIENTED_EDGE ( 'NONE', *, *, #1485, .F. ) ;
#2549 = AXIS2_PLACEMENT_3D ( 'NONE', #2465, #3354, #766 ) ;
#2550 = AXIS2_PLACEMENT_3D ( 'NONE', #1868, #1325, #3327 ) ;
#2551 = CC_DESIGN_APPROVAL ( #721, ( #463 ) ) ;
#2552 = FACE_BOUND ( 'NONE', #3100, .T. ) ;
#2553 = DIRECTION ( 'NONE',  ( -1.000000000000000000, 0.000000000000000000, 0.000000000000000000 ) ) ;
#2554 = EDGE_LOOP ( 'NONE', ( #576, #2639 ) ) ;
#2555 = VECTOR ( 'NONE', #75, 39.37007874015748143 ) ;
#2556 = APPROVAL ( #1907, 'UNSPECIFIED' ) ;
#2557 = CC_DESIGN_SECURITY_CLASSIFICATION ( #650, ( #3696 ) ) ;
#2558 = ORIENTED_EDGE ( 'NONE', *, *, #275, .T. ) ;
#2559 = ORIENTED_EDGE ( 'NONE', *, *, #1256, .T. ) ;
#2560 = CARTESIAN_POINT ( 'NONE',  ( -0.08858267716535414560, 0.4921259842519686289, 1.181102362204724310 ) ) ;
#2561 = CONTEXT_DEPENDENT_SHAPE_REPRESENTATION ( #3036, #560 ) ;
#2562 = APPROVAL_PERSON_ORGANIZATION ( #115, #1473, #1761 ) ;
#2563 = ORIENTED_EDGE ( 'NONE', *, *, #1551, .F. ) ;
#2564 = COORDINATED_UNIVERSAL_TIME_OFFSET ( 5, 0, .BEHIND. ) ;
#2565 = CARTESIAN_POINT ( 'NONE',  ( 0.1968503937007873850, 8.878505979408855953E-16, 13.60629921259842590 ) ) ;
#2566 = LINE ( 'NONE', #11, #2889 ) ;
#2567 = DIRECTION ( 'NONE',  ( 0.000000000000000000, 0.000000000000000000, 1.000000000000000000 ) ) ;
#2568 = VECTOR ( 'NONE', #2259, 39.37007874015748143 ) ;
#2569 = DIRECTION ( 'NONE',  ( -1.000000000000000000, -0.000000000000000000, -0.000000000000000000 ) ) ;
#2570 = VECTOR ( 'NONE', #2352, 39.37007874015748143 ) ;
#2571 = FACE_BOUND ( 'NONE', #3303, .T. ) ;
#2572 = ORIENTED_EDGE ( 'NONE', *, *, #1810, .F. ) ;
#2573 = LENGTH_MEASURE_WITH_UNIT ( LENGTH_MEASURE( 0.02539999999999999897 ), #1415 );
#2574 = DIRECTION ( 'NONE',  ( 0.000000000000000000, -0.000000000000000000, 1.000000000000000000 ) ) ;
#2575 = ORIENTED_EDGE ( 'NONE', *, *, #1924, .T. ) ;
#2576 = DIRECTION ( 'NONE',  ( -1.000000000000000000, 0.000000000000000000, 0.000000000000000000 ) ) ;
#2577 = VECTOR ( 'NONE', #285, 39.37007874015748143 ) ;
#2578 = ITEM_DEFINED_TRANSFORMATION ( 'NONE', 'NONE', #3685,  #220 ) ;
#2579 = VERTEX_POINT ( 'NONE', #198 ) ;
#2580 = CALENDAR_DATE ( 2026, 1, 9 ) ;
#2581 = EDGE_CURVE ( 'NONE', #1005, #2767, #2630, .T. ) ;
#2582 = DIRECTION ( 'NONE',  ( -1.000000000000000000, -0.000000000000000000, -0.000000000000000000 ) ) ;
#2583 = ADVANCED_FACE ( 'NONE', ( #1296 ), #1075, .F. ) ;
#2584 = CARTESIAN_POINT ( 'NONE',  ( -0.05905511811023622659, 0.4921259842519686289, 16.10236220472440749 ) ) ;
#2585 = DIRECTION ( 'NONE',  ( -0.000000000000000000, -0.000000000000000000, -1.000000000000000000 ) ) ;
#2586 = DIRECTION ( 'NONE',  ( -1.000000000000000000, -1.214306433183764966E-16, 0.000000000000000000 ) ) ;
#2587 = DIRECTION ( 'NONE',  ( 0.000000000000000000, 0.000000000000000000, -1.000000000000000000 ) ) ;
#2588 = EDGE_CURVE ( 'NONE', #1474, #3360, #3607, .T. ) ;
#2589 = FACE_OUTER_BOUND ( 'NONE', #562, .T. ) ;
#2590 = LINE ( 'NONE', #30, #3569 ) ;
#2591 = CC_DESIGN_PERSON_AND_ORGANIZATION_ASSIGNMENT ( #3220, #2363, ( #2260 ) ) ;
#2592 = DATE_AND_TIME ( #2016, #223 ) ;
#2593 = DIRECTION ( 'NONE',  ( 0.000000000000000000, 0.000000000000000000, 1.000000000000000000 ) ) ;
#2594 = EDGE_LOOP ( 'NONE', ( #1711, #1224, #1141, #621 ) ) ;
#2595 = FACE_BOUND ( 'NONE', #1417, .T. ) ;
#2596 = SECURITY_CLASSIFICATION_LEVEL ( 'unclassified' ) ;
#2597 = EDGE_LOOP ( 'NONE', ( #1911, #1760 ) ) ;
#2598 = APPLICATION_PROTOCOL_DEFINITION ( 'international standard', 'config_control_design', 1994, #43 ) ;
#2599 = EDGE_CURVE ( 'NONE', #1611, #1474, #2175, .T. ) ;
#2600 = CARTESIAN_POINT ( 'NONE',  ( -0.05905511811023622659, 0.4921259842519686289, 14.92125984251969584 ) ) ;
#2601 = LOCAL_TIME ( 9, 14, 3.000000000000000000, #1333 ) ;
#2602 = PLANE ( 'NONE',  #2215 ) ;
#2603 = ORIENTED_EDGE ( 'NONE', *, *, #867, .F. ) ;
#2604 = DIRECTION ( 'NONE',  ( 0.000000000000000000, 1.000000000000000000, 0.000000000000000000 ) ) ;
#2605 = CARTESIAN_POINT ( 'NONE',  ( 0.05905511811023622659, -0.4921259842519686289, 14.92125984251969584 ) ) ;
#2606 = ORIENTED_EDGE ( 'NONE', *, *, #2472, .F. ) ;
#2607 = CIRCLE ( 'NONE', #3563, 0.1427165354330697800 ) ;
#2608 = EDGE_CURVE ( 'NONE', #2306, #3143, #1094, .T. ) ;
#2609 = LOCAL_TIME ( 9, 14, 3.000000000000000000, #3010 ) ;
#2610 = CYLINDRICAL_SURFACE ( 'NONE', #1977, 0.1427165354330704461 ) ;
#2611 = LOCAL_TIME ( 9, 14, 3.000000000000000000, #3292 ) ;
#2612 = FACE_OUTER_BOUND ( 'NONE', #522, .T. ) ;
#2613 =( LENGTH_UNIT ( ) NAMED_UNIT ( * ) SI_UNIT ( $, .METRE. ) );
#2614 = ORIENTED_EDGE ( 'NONE', *, *, #274, .T. ) ;
#2615 = LINE ( 'NONE', #3273, #1542 ) ;
#2616 = CALENDAR_DATE ( 2026, 1, 9 ) ;
#2617 = VERTEX_POINT ( 'NONE', #3362 ) ;
#2618 = AXIS2_PLACEMENT_3D ( 'NONE', #2319, #345, #1821 ) ;
#2619 = DATE_TIME_ROLE ( 'creation_date' ) ;
#2620 = DIRECTION ( 'NONE',  ( 0.000000000000000000, 0.000000000000000000, -1.000000000000000000 ) ) ;
#2621 = DIRECTION ( 'NONE',  ( -1.000000000000000000, -1.387778780781445676E-16, 0.000000000000000000 ) ) ;
#2622 = ORIENTED_EDGE ( 'NONE', *, *, #433, .T. ) ;
#2623 = CARTESIAN_POINT ( 'NONE',  ( 0.05905511811023622659, -0.4921259842519686289, 1.181102362204712319 ) ) ;
#2624 = LOCAL_TIME ( 9, 14, 3.000000000000000000, #1269 ) ;
#2625 = VECTOR ( 'NONE', #1976, 39.37007874015748143 ) ;
#2626 = CARTESIAN_POINT ( 'NONE',  ( 0.05905511811023622659, 8.878505979408855953E-16, 13.60629921259842590 ) ) ;
#2627 = ORIENTED_EDGE ( 'NONE', *, *, #819, .T. ) ;
#2628 = DIRECTION ( 'NONE',  ( -1.000000000000000000, 0.000000000000000000, 0.000000000000000000 ) ) ;
#2629 = AXIS2_PLACEMENT_3D ( 'NONE', #3003, #441, #3158 ) ;
#2630 = CIRCLE ( 'NONE', #2933, 0.1427165354330708624 ) ;
#2631 = VECTOR ( 'NONE', #1804, 39.37007874015748143 ) ;
#2632 = ADVANCED_FACE ( 'NONE', ( #181 ), #3048, .F. ) ;
#2633 = FACE_OUTER_BOUND ( 'NONE', #2536, .T. ) ;
#2634 = DIRECTION ( 'NONE',  ( 0.3923723912058506014, -0.9198064506293718301, 0.000000000000000000 ) ) ;
#2635 = EDGE_CURVE ( 'NONE', #3298, #791, #3323, .T. ) ;
#2636 = ORIENTED_EDGE ( 'NONE', *, *, #420, .F. ) ;
#2637 = DIRECTION ( 'NONE',  ( -1.000000000000000000, -0.000000000000000000, -0.000000000000000000 ) ) ;
#2638 = DATE_TIME_ROLE ( 'classification_date' ) ;
#2639 = ORIENTED_EDGE ( 'NONE', *, *, #1100, .T. ) ;
#2640 = PERSON_AND_ORGANIZATION ( #2338, #2784 ) ;
#2641 = EDGE_CURVE ( 'NONE', #3221, #3069, #2445, .T. ) ;
#2642 = CARTESIAN_POINT ( 'NONE',  ( -0.05905511811023622659, 0.4921259842519686289, 14.92125984251969584 ) ) ;
#2643 = DIRECTION ( 'NONE',  ( 1.000000000000000000, 0.000000000000000000, 0.000000000000000000 ) ) ;
#2644 = ORIENTED_EDGE ( 'NONE', *, *, #3433, .F. ) ;
#2645 = CIRCLE ( 'NONE', #2158, 0.1427165354330708624 ) ;
#2646 = CARTESIAN_POINT ( 'NONE',  ( -0.05905511811023622659, -0.4921259842519686289, 0.000000000000000000 ) ) ;
#2647 = CC_DESIGN_PERSON_AND_ORGANIZATION_ASSIGNMENT ( #3393, #321, ( #3285 ) ) ;
#2648 = DIRECTION ( 'NONE',  ( 0.000000000000000000, -0.000000000000000000, 1.000000000000000000 ) ) ;
#2649 = FACE_OUTER_BOUND ( 'NONE', #2, .T. ) ;
#2650 = CARTESIAN_POINT ( 'NONE',  ( 0.1968503937007873850, 0.4921259842519686289, 1.181102362204724310 ) ) ;
#2651 = ORIENTED_EDGE ( 'NONE', *, *, #2413, .F. ) ;
#2652 = CARTESIAN_POINT ( 'NONE',  ( 0.1968503937007873850, 8.878505979408855953E-16, 13.60629921259842590 ) ) ;
#2653 = EDGE_CURVE ( 'NONE', #1579, #190, #184, .T. ) ;
#2654 = DIRECTION ( 'NONE',  ( 0.5659469757241110122, 0.8244416417604902847, -5.491029259440735205E-17 ) ) ;
#2655 = EDGE_CURVE ( 'NONE', #2802, #2484, #1011, .T. ) ;
#2656 = DIRECTION ( 'NONE',  ( 1.000000000000000000, 0.000000000000000000, -0.000000000000000000 ) ) ;
#2657 = PERSON_AND_ORGANIZATION ( #2969, #410 ) ;
#2658 = ORIENTED_EDGE ( 'NONE', *, *, #2412, .F. ) ;
#2659 = PERSON_AND_ORGANIZATION ( #2338, #2784 ) ;
#2660 = AXIS2_PLACEMENT_3D ( 'NONE', #3470, #3503, #915 ) ;
#2661 = DIRECTION ( 'NONE',  ( 0.000000000000000000, 0.000000000000000000, -1.000000000000000000 ) ) ;
#2662 = CARTESIAN_POINT ( 'NONE',  ( -0.1968503937007874405, 0.4921259842519686289, 0.000000000000000000 ) ) ;
#2663 = ORIENTED_EDGE ( 'NONE', *, *, #1583, .T. ) ;
#2664 = DIRECTION ( 'NONE',  ( 0.000000000000000000, -1.000000000000000000, 0.000000000000000000 ) ) ;
#2665 = DIRECTION ( 'NONE',  ( 0.000000000000000000, 0.000000000000000000, -1.000000000000000000 ) ) ;
#2666 = CARTESIAN_POINT ( 'NONE',  ( -0.1968503937007874405, -0.4921259842519684624, 19.68503937007874072 ) ) ;
#2667 = ADVANCED_FACE ( 'NONE', ( #3343 ), #776, .F. ) ;
#2668 = DIRECTION ( 'NONE',  ( -0.000000000000000000, -1.000000000000000000, -0.000000000000000000 ) ) ;
#2669 = DIRECTION ( 'NONE',  ( 0.000000000000000000, 0.000000000000000000, -1.000000000000000000 ) ) ;
#2670 = VECTOR ( 'NONE', #2446, 39.37007874015748143 ) ;
#2671 = CARTESIAN_POINT ( 'NONE',  ( 0.000000000000000000, 0.000000000000000000, 0.000000000000000000 ) ) ;
#2672 = CARTESIAN_POINT ( 'NONE',  ( 0.05905511811023622659, -1.832148754629898243E-15, 0.5905511811023627100 ) ) ;
#2673 = COORDINATED_UNIVERSAL_TIME_OFFSET ( 5, 0, .BEHIND. ) ;
#2674 = PERSON_AND_ORGANIZATION_ROLE ( 'creator' ) ;
#2675 = AXIS2_PLACEMENT_3D ( 'NONE', #3482, #1829, #1191 ) ;
#2676 = DIRECTION ( 'NONE',  ( -0.000000000000000000, -0.000000000000000000, 1.000000000000000000 ) ) ;
#2677 = ORIENTED_EDGE ( 'NONE', *, *, #161, .F. ) ;
#2678 = CARTESIAN_POINT ( 'NONE',  ( 0.08858267716535445091, -0.4921259842519684624, 22.44094488188977721 ) ) ;
#2679 = VECTOR ( 'NONE', #972, 39.37007874015748143 ) ;
#2680 = CARTESIAN_POINT ( 'NONE',  ( -0.1968503937007874405, 1.229331597148918547E-15, 19.23720472440944818 ) ) ;
#2681 = ORGANIZATION ( 'NAUO-ORG6', 'UNSPECIFIED', 'UNSPECIFIED' ) ;
#2682 = DIRECTION ( 'NONE',  ( 0.000000000000000000, 0.000000000000000000, -1.000000000000000000 ) ) ;
#2683 = DIRECTION ( 'NONE',  ( 0.000000000000000000, -1.000000000000000000, 0.000000000000000000 ) ) ;
#2684 = CC_DESIGN_SECURITY_CLASSIFICATION ( #3285, ( #2987 ) ) ;
#2685 = CARTESIAN_POINT ( 'NONE',  ( 0.1968503937007873850, -0.4921259842519684624, 14.19685039370078883 ) ) ;
#2686 = LINE ( 'NONE', #1826, #2197 ) ;
#2687 = VECTOR ( 'NONE', #166, 39.37007874015748143 ) ;
#2688 = CIRCLE ( 'NONE', #2383, 0.1427165354330708624 ) ;
#2689 = CC_DESIGN_PERSON_AND_ORGANIZATION_ASSIGNMENT ( #302, #2292, ( #2439 ) ) ;
#2690 = APPROVAL_STATUS ( 'not_yet_approved' ) ;
#2691 = AXIS2_PLACEMENT_3D ( 'NONE', #269, #3676, #1123 ) ;
#2692 = FACE_OUTER_BOUND ( 'NONE', #2793, .T. ) ;
#2693 = PERSON_AND_ORGANIZATION ( #2338, #2784 ) ;
#2694 = ORIENTED_EDGE ( 'NONE', *, *, #3641, .T. ) ;
#2695 = EDGE_CURVE ( 'NONE', #3314, #492, #296, .T. ) ;
#2696 = DIRECTION ( 'NONE',  ( -0.000000000000000000, -0.000000000000000000, -1.000000000000000000 ) ) ;
#2697 = VERTEX_POINT ( 'NONE', #2012 ) ;
#2698 = CARTESIAN_POINT ( 'NONE',  ( 0.1968503937007873850, -1.006965262793747678E-15, 0.4478346456692918753 ) ) ;
#2699 = EDGE_CURVE ( 'NONE', #807, #1792, #1180, .T. ) ;
#2700 = EDGE_CURVE ( 'NONE', #903, #1004, #1398, .T. ) ;
#2701 = PLANE ( 'NONE',  #706 ) ;
#2702 = CARTESIAN_POINT ( 'NONE',  ( 0.05905511811023622659, -0.4921259842519686289, 1.181102362204712319 ) ) ;
#2703 = DIRECTION ( 'NONE',  ( 0.000000000000000000, 0.000000000000000000, 1.000000000000000000 ) ) ;
#2704 = PRODUCT_DEFINITION_SHAPE ( 'NONE', 'NONE',  #3699 ) ;
#2705 = CIRCLE ( 'NONE', #3603, 0.1427165354330704461 ) ;
#2706 = CARTESIAN_POINT ( 'NONE',  ( 0.1968503937007873850, -6.654842635857148254E-16, 0.4478346456692918753 ) ) ;
#2707 = PERSON ( 'NAUO-PER8', 'UNSPECIFIED', 'UNSPECIFIED', ('UNSPECIFIED'), ('UNSPECIFIED'), ('UNSPECIFIED') ) ;
#2708 = CARTESIAN_POINT ( 'NONE',  ( -0.08858267716535438152, 0.4921259842519686289, 22.44094488188977721 ) ) ;
#2709 = VECTOR ( 'NONE', #1070, 39.37007874015748143 ) ;
#2710 = ORIENTED_EDGE ( 'NONE', *, *, #3081, .F. ) ;
#2711 = PERSON_AND_ORGANIZATION_ROLE ( 'creator' ) ;
#2712 = APPROVAL ( #3055, 'UNKNOWN' ) ;
#2713 = CARTESIAN_POINT ( 'NONE',  ( -0.05905511811023622659, -0.4921259842519686289, 14.92125984251969584 ) ) ;
#2714 = DIRECTION ( 'NONE',  ( -0.000000000000000000, -0.000000000000000000, -1.000000000000000000 ) ) ;
#2715 = VERTEX_POINT ( 'NONE', #2533 ) ;
#2716 = ORIENTED_EDGE ( 'NONE', *, *, #2588, .T. ) ;
#2717 = DIRECTION ( 'NONE',  ( 0.000000000000000000, 0.000000000000000000, 1.000000000000000000 ) ) ;
#2718 = ORIENTED_EDGE ( 'NONE', *, *, #491, .T. ) ;
#2719 = DATE_AND_TIME ( #2468, #2601 ) ;
#2720 = CC_DESIGN_DATE_AND_TIME_ASSIGNMENT ( #2719, #2451, ( #2879 ) ) ;
#2721 = CARTESIAN_POINT ( 'NONE',  ( 0.05905511811023622659, -0.4921259842519686289, 18.50393700787402906 ) ) ;
#2722 = CARTESIAN_POINT ( 'NONE',  ( -0.1968503937007874405, -1.814671019799547461E-15, 0.4478346456692929856 ) ) ;
#2723 = ORIENTED_EDGE ( 'NONE', *, *, #2162, .T. ) ;
#2724 =( REPRESENTATION_RELATIONSHIP ('NONE','NONE', #65, #2237 ) REPRESENTATION_RELATIONSHIP_WITH_TRANSFORMATION ( #3596 )SHAPE_REPRESENTATION_RELATIONSHIP( ) );
#2725 = FACE_OUTER_BOUND ( 'NONE', #2391, .T. ) ;
#2726 = FACE_OUTER_BOUND ( 'NONE', #1923, .T. ) ;
#2727 = ORIENTED_EDGE ( 'NONE', *, *, #2091, .T. ) ;
#2728 = PERSON_AND_ORGANIZATION_ROLE ( 'design_supplier' ) ;
#2729 = AXIS2_PLACEMENT_3D ( 'NONE', #1307, #1909, #1344 ) ;
#2730 = DATE_AND_TIME ( #3329, #2791 ) ;
#2731 = CARTESIAN_POINT ( 'NONE',  ( 0.05905511811023622659, 0.4921259842519686289, 1.181102362204712319 ) ) ;
#2732 = ORIENTED_EDGE ( 'NONE', *, *, #3526, .T. ) ;
#2733 = PLANE ( 'NONE',  #2549 ) ;
#2734 = ORIENTED_EDGE ( 'NONE', *, *, #1816, .T. ) ;
#2735 = AXIS2_PLACEMENT_3D ( 'NONE', #93, #2059, #333 ) ;
#2736 = APPROVAL_DATE_TIME ( #1612, #1226 ) ;
#2737 = CARTESIAN_POINT ( 'NONE',  ( -0.1968503937007874405, 0.4921259842519686289, 1.181102362204724310 ) ) ;
#2738 = LINE ( 'NONE', #3605, #733 ) ;
#2739 = ORIENTED_EDGE ( 'NONE', *, *, #1196, .T. ) ;
#2740 = CARTESIAN_POINT ( 'NONE',  ( -0.05905511811023620578, -1.024442997624098658E-15, 0.5905511811023627100 ) ) ;
#2741 = FACE_OUTER_BOUND ( 'NONE', #3633, .T. ) ;
#2742 = APPROVAL_PERSON_ORGANIZATION ( #2900, #3083, #1532 ) ;
#2743 = ORIENTED_EDGE ( 'NONE', *, *, #593, .T. ) ;
#2744 = ADVANCED_BREP_SHAPE_REPRESENTATION ( '', ( #2129, #220 ), #1052 ) ;
#2745 = EDGE_CURVE ( 'NONE', #521, #3113, #849, .T. ) ;
#2746 = ORIENTED_EDGE ( 'NONE', *, *, #1762, .F. ) ;
#2747 = APPROVAL_ROLE ( '' ) ;
#2748 = EDGE_CURVE ( 'NONE', #1867, #3487, #3399, .T. ) ;
#2749 = SECURITY_CLASSIFICATION_LEVEL ( 'unclassified' ) ;
#2750 = AXIS2_PLACEMENT_3D ( 'NONE', #3623, #1656, #1051 ) ;
#2751 = CARTESIAN_POINT ( 'NONE',  ( 0.1968503937007873850, 1.747773483035087138E-17, 15.36909448818897594 ) ) ;
#2752 = VECTOR ( 'NONE', #2253, 39.37007874015748143 ) ;
#2753 = ORIENTED_EDGE ( 'NONE', *, *, #368, .F. ) ;
#2754 = LINE ( 'NONE', #3632, #3506 ) ;
#2755 = EDGE_CURVE ( 'NONE', #859, #2364, #3380, .T. ) ;
#2756 = ORIENTED_EDGE ( 'NONE', *, *, #182, .T. ) ;
#2757 = PERSON_AND_ORGANIZATION ( #2338, #2784 ) ;
#2758 = CARTESIAN_POINT ( 'NONE',  ( -0.1968503937007874405, 0.000000000000000000, 15.51181102362204633 ) ) ;
#2759 = DIRECTION ( 'NONE',  ( 0.000000000000000000, 0.000000000000000000, -1.000000000000000000 ) ) ;
#2760 = ORIENTED_EDGE ( 'NONE', *, *, #1189, .T. ) ;
#2761 = CC_DESIGN_DATE_AND_TIME_ASSIGNMENT ( #1210, #114, ( #650 ) ) ;
#2762 = DESIGN_CONTEXT ( 'detailed design', #2838, 'design' ) ;
#2763 = DIRECTION ( 'NONE',  ( 0.000000000000000000, 0.000000000000000000, 1.000000000000000000 ) ) ;
#2764 = DIRECTION ( 'NONE',  ( 0.000000000000000000, 0.000000000000000000, -1.000000000000000000 ) ) ;
#2765 = VECTOR ( 'NONE', #857, 39.37007874015748143 ) ;
#2766 = ORIENTED_EDGE ( 'NONE', *, *, #1927, .F. ) ;
#2767 = VERTEX_POINT ( 'NONE', #3434 ) ;
#2768 = APPROVAL_DATE_TIME ( #2461, #1946 ) ;
#2769 = EDGE_CURVE ( 'NONE', #3027, #1400, #2284, .T. ) ;
#2770 = DIRECTION ( 'NONE',  ( 0.000000000000000000, 0.000000000000000000, 1.000000000000000000 ) ) ;
#2771 = VERTEX_POINT ( 'NONE', #1731 ) ;
#2772 = CARTESIAN_POINT ( 'NONE',  ( 0.1968503937007873850, 1.747773483035079435E-17, 15.36909448818897594 ) ) ;
#2773 = ORIENTED_EDGE ( 'NONE', *, *, #2755, .T. ) ;
#2774 = COORDINATED_UNIVERSAL_TIME_OFFSET ( 5, 0, .BEHIND. ) ;
#2775 = DIRECTION ( 'NONE',  ( -1.000000000000000000, -0.000000000000000000, -0.000000000000000000 ) ) ;
#2776 = CARTESIAN_POINT ( 'NONE',  ( 0.1968503937007873850, -6.654842635857148254E-16, 0.4478346456692918753 ) ) ;
#2777 = VERTEX_POINT ( 'NONE', #1109 ) ;
#2778 = VERTEX_POINT ( 'NONE', #1431 ) ;
#2779 = DIRECTION ( 'NONE',  ( -0.000000000000000000, -0.000000000000000000, -1.000000000000000000 ) ) ;
#2780 = ADVANCED_FACE ( 'NONE', ( #1462, #572 ), #2251, .F. ) ;
#2781 = DIRECTION ( 'NONE',  ( -1.000000000000000000, 0.000000000000000000, 0.000000000000000000 ) ) ;
#2782 = ORIENTED_EDGE ( 'NONE', *, *, #3002, .F. ) ;
#2783 = APPROVAL_PERSON_ORGANIZATION ( #2181, #2556, #3568 ) ;
#2784 = ORGANIZATION ( 'UNSPECIFIED', 'UNSPECIFIED', '' ) ;
#2785 = ORIENTED_EDGE ( 'NONE', *, *, #1196, .F. ) ;
#2786 = CARTESIAN_POINT ( 'NONE',  ( -0.08858267716535425662, -0.4921259842519684624, 22.44094488188977721 ) ) ;
#2787 = ORIENTED_EDGE ( 'NONE', *, *, #1763, .F. ) ;
#2788 = CC_DESIGN_APPROVAL ( #1396, ( #3087 ) ) ;
#2789 = PERSON_AND_ORGANIZATION ( #2338, #2784 ) ;
#2790 = CARTESIAN_POINT ( 'NONE',  ( 0.000000000000000000, 0.000000000000000000, 0.3937007874015748254 ) ) ;
#2791 = LOCAL_TIME ( 9, 14, 3.000000000000000000, #2501 ) ;
#2792 = DIRECTION ( 'NONE',  ( 0.000000000000000000, 0.000000000000000000, -1.000000000000000000 ) ) ;
#2793 = EDGE_LOOP ( 'NONE', ( #3626, #2149 ) ) ;
#2794 = EDGE_LOOP ( 'NONE', ( #1517, #2350, #1388, #3155 ) ) ;
#2795 = PRODUCT ( 'MEGR 2156', 'MEGR 2156', '', ( #2399 ) ) ;
#2796 = CARTESIAN_POINT ( 'NONE',  ( 0.1968503937007873850, -6.829619984160658046E-16, 0.5905511811023627100 ) ) ;
#2797 = CARTESIAN_POINT ( 'NONE',  ( -0.1968503937007874405, -0.4921259842519684624, 14.19685039370078883 ) ) ;
#2798 = EDGE_CURVE ( 'NONE', #1078, #720, #557, .T. ) ;
#2799 = VECTOR ( 'NONE', #3679, 39.37007874015748143 ) ;
#2800 = ORIENTED_EDGE ( 'NONE', *, *, #555, .T. ) ;
#2801 = EDGE_CURVE ( 'NONE', #280, #1384, #2373, .T. ) ;
#2802 = VERTEX_POINT ( 'NONE', #2850 ) ;
#2803 = LOCAL_TIME ( 9, 14, 3.000000000000000000, #2673 ) ;
#2804 = CC_DESIGN_DATE_AND_TIME_ASSIGNMENT ( #376, #3222, ( #55 ) ) ;
#2805 = CC_DESIGN_SECURITY_CLASSIFICATION ( #55, ( #3345 ) ) ;
#2806 = AXIS2_PLACEMENT_3D ( 'NONE', #1292, #2137, #29 ) ;
#2807 = VERTEX_POINT ( 'NONE', #2834 ) ;
#2808 = DIRECTION ( 'NONE',  ( -1.000000000000000000, -0.000000000000000000, -0.000000000000000000 ) ) ;
#2809 = SHAPE_DEFINITION_REPRESENTATION ( #1115, #2117 ) ;
#2810 = VECTOR ( 'NONE', #2141, 39.37007874015748143 ) ;
#2811 = ORIENTED_EDGE ( 'NONE', *, *, #1370, .T. ) ;
#2812 = APPROVAL_ROLE ( '' ) ;
#2813 = ADVANCED_FACE ( 'NONE', ( #3152 ), #3450, .F. ) ;
#2814 = CARTESIAN_POINT ( 'NONE',  ( 0.000000000000000000, 0.000000000000000000, 1.181102362204712319 ) ) ;
#2815 = CARTESIAN_POINT ( 'NONE',  ( -0.1968503937007874405, 0.4921259842519686289, 16.10236220472440749 ) ) ;
#2816 = DIRECTION ( 'NONE',  ( 0.000000000000000000, 1.000000000000000000, 0.000000000000000000 ) ) ;
#2817 = EDGE_CURVE ( 'NONE', #1299, #1330, #1663, .T. ) ;
#2818 = CARTESIAN_POINT ( 'NONE',  ( -0.08858267716535431213, -1.075665147505303242E-17, 23.03149606299213303 ) ) ;
#2819 = EDGE_CURVE ( 'NONE', #2807, #1948, #1965, .T. ) ;
#2820 = LINE ( 'NONE', #1399, #2270 ) ;
#2821 = VERTEX_POINT ( 'NONE', #1678 ) ;
#2822 = COORDINATED_UNIVERSAL_TIME_OFFSET ( 5, 0, .BEHIND. ) ;
#2823 =( CONVERSION_BASED_UNIT ( 'INCH', #3089 ) LENGTH_UNIT ( ) NAMED_UNIT ( #888 ) );
#2824 = VERTEX_POINT ( 'NONE', #2605 ) ;
#2825 = EDGE_LOOP ( 'NONE', ( #3180, #530, #624, #219 ) ) ;
#2826 = CARTESIAN_POINT ( 'NONE',  ( -0.1968503937007874405, 1.229331597148918547E-15, 19.09448818897637778 ) ) ;
#2827 = ITEM_DEFINED_TRANSFORMATION ( 'NONE', 'NONE', #1412,  #220 ) ;
#2828 = ORIENTED_EDGE ( 'NONE', *, *, #2021, .T. ) ;
#2829 = DATE_AND_TIME ( #2294, #591 ) ;
#2830 = DIRECTION ( 'NONE',  ( -1.000000000000000000, -0.000000000000000000, -0.000000000000000000 ) ) ;
#2831 = DIRECTION ( 'NONE',  ( 0.000000000000000000, 0.000000000000000000, -1.000000000000000000 ) ) ;
#2832 = DIRECTION ( 'NONE',  ( -1.000000000000000000, -0.000000000000000000, -0.000000000000000000 ) ) ;
#2833 = ADVANCED_FACE ( 'NONE', ( #2552, #860 ), #1447, .F. ) ;
#2834 = CARTESIAN_POINT ( 'NONE',  ( -0.05905511811023620578, 9.053283327712363773E-16, 13.46358267716535551 ) ) ;
#2835 = CARTESIAN_POINT ( 'NONE',  ( 0.1968503937007873850, 0.4921259842519686289, 22.44094488188977721 ) ) ;
#2836 = ORIENTED_EDGE ( 'NONE', *, *, #145, .T. ) ;
#2837 = CIRCLE ( 'NONE', #920, 0.1377952755905511861 ) ;
#2838 = APPLICATION_CONTEXT ( 'configuration controlled 3d designs of mechanical parts and assemblies' ) ;
#2839 = PERSON_AND_ORGANIZATION ( #3645, #1898 ) ;
#2840 = ORIENTED_EDGE ( 'NONE', *, *, #2695, .T. ) ;
#2841 = ORIENTED_EDGE ( 'NONE', *, *, #1339, .T. ) ;
#2842 = CARTESIAN_POINT ( 'NONE',  ( -0.05905511811023622659, -0.4921259842519686289, 16.10236220472440749 ) ) ;
#2843 = APPROVAL_DATE_TIME ( #578, #3586 ) ;
#2844 = ORIENTED_EDGE ( 'NONE', *, *, #165, .F. ) ;
#2845 = CALENDAR_DATE ( 2026, 1, 9 ) ;
#2846 = PLANE ( 'NONE',  #3667 ) ;
#2847 = LINE ( 'NONE', #1107, #894 ) ;
#2848 = CYLINDRICAL_SURFACE ( 'NONE', #1794, 0.1427165354330704461 ) ;
#2849 = AXIS2_PLACEMENT_3D ( 'NONE', #1452, #944, #3456 ) ;
#2850 = CARTESIAN_POINT ( 'NONE',  ( -0.1968503937007874405, -1.024442997624098658E-15, 0.7332677165354336557 ) ) ;
#2851 = CARTESIAN_POINT ( 'NONE',  ( 0.1968503937007873850, 1.747773483035087138E-17, 15.36909448818897594 ) ) ;
#2852 = ORIENTED_EDGE ( 'NONE', *, *, #1973, .F. ) ;
#2853 = AXIS2_PLACEMENT_3D ( 'NONE', #2198, #1016, #2438 ) ;
#2854 = AXIS2_PLACEMENT_3D ( 'NONE', #1577, #1048, #2153 ) ;
#2855 = EDGE_CURVE ( 'NONE', #2715, #15, #2031, .T. ) ;
#2856 = SHAPE_REPRESENTATION_RELATIONSHIP ( 'NONE' , 'NONE' ,  #86, #3459 ) ;
#2857 = EDGE_CURVE ( 'NONE', #1955, #1384, #327, .T. ) ;
#2858 = FACE_OUTER_BOUND ( 'NONE', #1153, .T. ) ;
#2859 = LINE ( 'NONE', #2267, #1609 ) ;
#2860 = ORIENTED_EDGE ( 'NONE', *, *, #3268, .F. ) ;
#2861 = CARTESIAN_POINT ( 'NONE',  ( 1.092519685039370136, 0.1427165354330682534, 0.5905511811023671509 ) ) ;
#2862 = APPROVAL_ROLE ( '' ) ;
#2863 = CC_DESIGN_APPROVAL ( #1473, ( #1588 ) ) ;
#2864 = ORIENTED_EDGE ( 'NONE', *, *, #3297, .T. ) ;
#2865 = APPROVAL_ROLE ( '' ) ;
#2866 = DIRECTION ( 'NONE',  ( -2.428612866367529932E-16, 1.000000000000000000, -0.000000000000000000 ) ) ;
#2867 = CARTESIAN_POINT ( 'NONE',  ( -0.05905511811023622659, -0.4921259842519686289, 1.181102362204712319 ) ) ;
#2868 = CARTESIAN_POINT ( 'NONE',  ( 1.092519685039370136, 1.326653681923207881E-16, 23.03149606299213303 ) ) ;
#2869 = VECTOR ( 'NONE', #1437, 39.37007874015748143 ) ;
#2870 = EDGE_CURVE ( 'NONE', #859, #469, #3103, .T. ) ;
#2871 = AXIS2_PLACEMENT_3D ( 'NONE', #1102, #577, #1389 ) ;
#2872 = VECTOR ( 'NONE', #2643, 39.37007874015748143 ) ;
#2873 = DIRECTION ( 'NONE',  ( 1.000000000000000000, 0.000000000000000000, 0.000000000000000000 ) ) ;
#2874 = CC_DESIGN_PERSON_AND_ORGANIZATION_ASSIGNMENT ( #1744, #2886, ( #1566 ) ) ;
#2875 = FACE_BOUND ( 'NONE', #1951, .T. ) ;
#2876 = CARTESIAN_POINT ( 'NONE',  ( 0.000000000000000000, 0.000000000000000000, 23.62204724409448886 ) ) ;
#2877 = FACE_BOUND ( 'NONE', #508, .T. ) ;
#2878 = CALENDAR_DATE ( 2026, 1, 9 ) ;
#2879 = PRODUCT_DEFINITION ( 'UNKNOWN', '', #3087, #1337 ) ;
#2880 = DIRECTION ( 'NONE',  ( -9.640191999977273213E-17, 1.262608851178596581E-16, 1.000000000000000000 ) ) ;
#2881 = EDGE_LOOP ( 'NONE', ( #503, #3601, #1181, #1453 ) ) ;
#2882 = LINE ( 'NONE', #1741, #3054 ) ;
#2883 = AXIS2_PLACEMENT_3D ( 'NONE', #912, #636, #1197 ) ;
#2884 = APPROVAL_STATUS ( 'not_yet_approved' ) ;
#2885 = EDGE_LOOP ( 'NONE', ( #2309, #757 ) ) ;
#2886 = PERSON_AND_ORGANIZATION_ROLE ( 'design_owner' ) ;
#2887 = DIRECTION ( 'NONE',  ( -1.000000000000000000, 0.000000000000000000, 0.000000000000000000 ) ) ;
#2888 = CARTESIAN_POINT ( 'NONE',  ( 0.1968503937007873850, 1.229331597148918547E-15, 19.09448818897637778 ) ) ;
#2889 = VECTOR ( 'NONE', #40, 39.37007874015748143 ) ;
#2890 = LINE ( 'NONE', #326, #401 ) ;
#2891 = DIRECTION ( 'NONE',  ( -1.387778780781445676E-16, -1.000000000000000000, 0.000000000000000000 ) ) ;
#2892 = ORIENTED_EDGE ( 'NONE', *, *, #1927, .T. ) ;
#2893 = DIRECTION ( 'NONE',  ( 1.000000000000000000, 1.214306433183764966E-16, 0.000000000000000000 ) ) ;
#2894 = CARTESIAN_POINT ( 'NONE',  ( 0.05905511811023622659, 0.4921259842519686289, 1.181102362204712319 ) ) ;
#2895 = DIRECTION ( 'NONE',  ( 0.000000000000000000, 0.000000000000000000, 1.000000000000000000 ) ) ;
#2896 = VERTEX_POINT ( 'NONE', #1788 ) ;
#2897 = FACE_OUTER_BOUND ( 'NONE', #3590, .T. ) ;
#2898 = APPROVAL_ROLE ( '' ) ;
#2899 = ORIENTED_EDGE ( 'NONE', *, *, #1099, .T. ) ;
#2900 = PERSON_AND_ORGANIZATION ( #2338, #2784 ) ;
#2901 = FACE_OUTER_BOUND ( 'NONE', #362, .T. ) ;
#2902 = LINE ( 'NONE', #553, #2994 ) ;
#2903 = VERTEX_POINT ( 'NONE', #1218 ) ;
#2904 = LINE ( 'NONE', #63, #3317 ) ;
#2905 = LINE ( 'NONE', #3210, #350 ) ;
#2906 = CIRCLE ( 'NONE', #2419, 0.1427165354330696967 ) ;
#2907 = CARTESIAN_POINT ( 'NONE',  ( 0.1968503937007873850, -6.829619984160658046E-16, 0.5905511811023627100 ) ) ;
#2908 = AXIS2_PLACEMENT_3D ( 'NONE', #2093, #3254, #2880 ) ;
#2909 = EDGE_CURVE ( 'NONE', #3388, #2937, #664, .T. ) ;
#2910 = LOCAL_TIME ( 9, 14, 3.000000000000000000, #1315 ) ;
#2911 = DIRECTION ( 'NONE',  ( 0.000000000000000000, 0.000000000000000000, -1.000000000000000000 ) ) ;
#2912 = EDGE_CURVE ( 'NONE', #2617, #2903, #1841, .T. ) ;
#2913 = EDGE_CURVE ( 'NONE', #2484, #2802, #2023, .T. ) ;
#2914 = AXIS2_PLACEMENT_3D ( 'NONE', #2342, #1550, #389 ) ;
#2915 = PRODUCT_DEFINITION ( 'UNKNOWN', '', #2987, #2762 ) ;
#2916 = ORIENTED_EDGE ( 'NONE', *, *, #3297, .F. ) ;
#2917 = DIRECTION ( 'NONE',  ( 0.000000000000000000, 0.000000000000000000, 1.000000000000000000 ) ) ;
#2918 = COORDINATED_UNIVERSAL_TIME_OFFSET ( 5, 0, .BEHIND. ) ;
#2919 = VERTEX_POINT ( 'NONE', #1257 ) ;
#2920 = AXIS2_PLACEMENT_3D ( 'NONE', #2626, #1836, #84 ) ;
#2921 = APPROVAL_DATE_TIME ( #618, #1473 ) ;
#2922 = CARTESIAN_POINT ( 'NONE',  ( -0.1968503937007874405, 0.4921259842519686289, 0.000000000000000000 ) ) ;
#2923 = DIRECTION ( 'NONE',  ( -1.000000000000000000, 0.000000000000000000, 0.000000000000000000 ) ) ;
#2924 = VERTEX_POINT ( 'NONE', #2680 ) ;
#2925 = CARTESIAN_POINT ( 'NONE',  ( -0.05905511811023622659, 0.4921259842519686289, 14.92125984251969584 ) ) ;
#2926 = LOCAL_TIME ( 9, 14, 3.000000000000000000, #895 ) ;
#2927 = PERSON ( 'NAUO-PER5', 'UNSPECIFIED', 'UNSPECIFIED', ('UNSPECIFIED'), ('UNSPECIFIED'), ('UNSPECIFIED') ) ;
#2928 = VECTOR ( 'NONE', #2816, 39.37007874015748143 ) ;
#2929 = DIRECTION ( 'NONE',  ( -1.000000000000000000, 0.000000000000000000, 0.000000000000000000 ) ) ;
#2930 = DIRECTION ( 'NONE',  ( -0.000000000000000000, -0.000000000000000000, -1.000000000000000000 ) ) ;
#2931 = VECTOR ( 'NONE', #3283, 39.37007874015748143 ) ;
#2932 = EDGE_CURVE ( 'NONE', #370, #273, #2905, .T. ) ;
#2933 = AXIS2_PLACEMENT_3D ( 'NONE', #2740, #1338, #480 ) ;
#2934 = EDGE_CURVE ( 'NONE', #1962, #1814, #366, .T. ) ;
#2935 = VECTOR ( 'NONE', #3666, 39.37007874015748143 ) ;
#2936 = CARTESIAN_POINT ( 'NONE',  ( 0.000000000000000000, 0.000000000000000000, 0.000000000000000000 ) ) ;
#2937 = VERTEX_POINT ( 'NONE', #3474 ) ;
#2938 = PLANE ( 'NONE',  #3041 ) ;
#2939 = DIRECTION ( 'NONE',  ( 1.412762372433031203E-16, -1.502664845504885831E-16, 1.000000000000000000 ) ) ;
#2940 = DIRECTION ( 'NONE',  ( 0.000000000000000000, 0.000000000000000000, 1.000000000000000000 ) ) ;
#2941 = ITEM_DEFINED_TRANSFORMATION ( 'NONE', 'NONE', #1164,  #220 ) ;
#2942 = EDGE_LOOP ( 'NONE', ( #823, #800, #1085, #100 ) ) ;
#2943 = CALENDAR_DATE ( 2026, 1, 9 ) ;
#2944 = PLANE ( 'NONE',  #1266 ) ;
#2945 = DIRECTION ( 'NONE',  ( 1.000000000000000000, -0.000000000000000000, -0.000000000000000000 ) ) ;
#2946 = ORIENTED_EDGE ( 'NONE', *, *, #802, .T. ) ;
#2947 = AXIS2_PLACEMENT_3D ( 'NONE', #118, #3540, #2620 ) ;
#2948 = CARTESIAN_POINT ( 'NONE',  ( 0.05905511811023622659, -1.006965262793747678E-15, 0.4478346456692918753 ) ) ;
#2949 = CARTESIAN_POINT ( 'NONE',  ( -0.05905511811023622659, -0.4921259842519686289, 19.68503937007874072 ) ) ;
#2950 = DIRECTION ( 'NONE',  ( -1.000000000000000000, 0.000000000000000000, 0.000000000000000000 ) ) ;
#2951 = EDGE_CURVE ( 'NONE', #756, #426, #2393, .T. ) ;
#2952 = LINE ( 'NONE', #2685, #241 ) ;
#2953 = CARTESIAN_POINT ( 'NONE',  ( -0.1968503937007874405, -0.4921259842519684624, 16.10236220472440749 ) ) ;
#2954 =( CONVERSION_BASED_UNIT ( 'INCH', #1986 ) LENGTH_UNIT ( ) NAMED_UNIT ( #1174 ) );
#2955 = CARTESIAN_POINT ( 'NONE',  ( 0.05905511811023622659, 0.4921259842519686289, 13.01574803149607718 ) ) ;
#2956 = CALENDAR_DATE ( 2026, 1, 9 ) ;
#2957 = ORIENTED_EDGE ( 'NONE', *, *, #371, .F. ) ;
#2958 = PERSON_AND_ORGANIZATION ( #2338, #2784 ) ;
#2959 = CARTESIAN_POINT ( 'NONE',  ( -0.08858267716535425662, -0.4921259842519684624, 22.44094488188977721 ) ) ;
#2960 = VERTEX_POINT ( 'NONE', #1508 ) ;
#2961 = ADVANCED_FACE ( 'NONE', ( #66 ), #2119, .F. ) ;
#2962 = CARTESIAN_POINT ( 'NONE',  ( 0.1968503937007873850, -6.829619984160658046E-16, 0.7332677165354336557 ) ) ;
#2963 = DIRECTION ( 'NONE',  ( -1.214306433183764966E-16, -1.000000000000000000, 0.000000000000000000 ) ) ;
#2964 = CARTESIAN_POINT ( 'NONE',  ( 1.092519685039370136, -2.615557763752527169E-15, 0.5905511811023671509 ) ) ;
#2965 = CARTESIAN_POINT ( 'NONE',  ( 0.08858267716535445091, -0.4921259842519684624, 1.181102362204724310 ) ) ;
#2966 = LINE ( 'NONE', #422, #2268 ) ;
#2967 = DIRECTION ( 'NONE',  ( -1.000000000000000000, -0.000000000000000000, -0.000000000000000000 ) ) ;
#2968 = VECTOR ( 'NONE', #488, 39.37007874015748143 ) ;
#2969 = PERSON ( 'NAUO-PER4', 'UNSPECIFIED', 'UNSPECIFIED', ('UNSPECIFIED'), ('UNSPECIFIED'), ('UNSPECIFIED') ) ;
#2970 = VECTOR ( 'NONE', #1747, 39.37007874015748143 ) ;
#2971 = LOCAL_TIME ( 9, 14, 3.000000000000000000, #709 ) ;
#2972 = EDGE_CURVE ( 'NONE', #1521, #598, #3514, .T. ) ;
#2973 = FACE_OUTER_BOUND ( 'NONE', #2186, .T. ) ;
#2974 = SECURITY_CLASSIFICATION_LEVEL ( 'unclassified' ) ;
#2975 = EDGE_CURVE ( 'NONE', #791, #1506, #1238, .T. ) ;
#2976 = CALENDAR_DATE ( 2026, 1, 9 ) ;
#2977 = VECTOR ( 'NONE', #1247, 39.37007874015748143 ) ;
#2978 = EDGE_LOOP ( 'NONE', ( #1607, #2603, #3355, #3321 ) ) ;
#2979 = CARTESIAN_POINT ( 'NONE',  ( -0.1968503937007874405, 0.4921259842519686289, 16.10236220472440749 ) ) ;
#2980 = VERTEX_POINT ( 'NONE', #937 ) ;
#2981 = FACE_OUTER_BOUND ( 'NONE', #2434, .T. ) ;
#2982 = AXIS2_PLACEMENT_3D ( 'NONE', #253, #956, #3231 ) ;
#2983 = DIRECTION ( 'NONE',  ( -0.000000000000000000, -1.000000000000000000, -0.000000000000000000 ) ) ;
#2984 = CC_DESIGN_APPROVAL ( #3586, ( #2085 ) ) ;
#2985 = DIRECTION ( 'NONE',  ( 1.000000000000000000, 0.000000000000000000, 0.000000000000000000 ) ) ;
#2986 = CYLINDRICAL_SURFACE ( 'NONE', #3494, 0.1427165354330708624 ) ;
#2987 = PRODUCT_DEFINITION_FORMATION_WITH_SPECIFIED_SOURCE ( 'ANY', '', #1358, .NOT_KNOWN. ) ;
#2988 = CC_DESIGN_PERSON_AND_ORGANIZATION_ASSIGNMENT ( #1041, #1643, ( #3690 ) ) ;
#2989 = DIRECTION ( 'NONE',  ( 1.000000000000000000, 0.000000000000000000, 0.000000000000000000 ) ) ;
#2990 = VECTOR ( 'NONE', #2376, 39.37007874015748143 ) ;
#2991 = DIRECTION ( 'NONE',  ( -1.214306433183764966E-16, -1.000000000000000000, 0.000000000000000000 ) ) ;
#2992 = VECTOR ( 'NONE', #460, 39.37007874015748143 ) ;
#2993 = CALENDAR_DATE ( 2026, 1, 9 ) ;
#2994 = VECTOR ( 'NONE', #3395, 39.37007874015748143 ) ;
#2995 = LINE ( 'NONE', #149, #3217 ) ;
#2996 = EDGE_CURVE ( 'NONE', #796, #3043, #1202, .T. ) ;
#2997 = APPROVAL_STATUS ( 'not_yet_approved' ) ;
#2998 = ORIENTED_EDGE ( 'NONE', *, *, #2341, .F. ) ;
#2999 = DIRECTION ( 'NONE',  ( -0.000000000000000000, -1.000000000000000000, -0.000000000000000000 ) ) ;
#3000 = COORDINATED_UNIVERSAL_TIME_OFFSET ( 5, 0, .BEHIND. ) ;
#3001 = FACE_OUTER_BOUND ( 'NONE', #381, .T. ) ;
#3002 = EDGE_CURVE ( 'NONE', #589, #1621, #2084, .T. ) ;
#3003 = CARTESIAN_POINT ( 'NONE',  ( -0.1968503937007874405, 0.000000000000000000, 15.51181102362204633 ) ) ;
#3004 = EDGE_LOOP ( 'NONE', ( #1280, #332, #3405, #3051, #797, #2275, #1101, #2102, #478, #2336, #53, #1966 ) ) ;
#3005 = PRODUCT_DEFINITION_SHAPE ( 'NONE', 'NONE',  #3702 ) ;
#3006 = DIRECTION ( 'NONE',  ( -1.000000000000000000, 0.000000000000000000, 0.000000000000000000 ) ) ;
#3007 = CARTESIAN_POINT ( 'NONE',  ( 0.1968503937007873850, 0.4921259842519686289, 0.000000000000000000 ) ) ;
#3008 = VECTOR ( 'NONE', #643, 39.37007874015748143 ) ;
#3009 = ORIENTED_EDGE ( 'NONE', *, *, #400, .F. ) ;
#3010 = COORDINATED_UNIVERSAL_TIME_OFFSET ( 5, 0, .BEHIND. ) ;
#3011 = APPROVAL_DATE_TIME ( #2479, #3104 ) ;
#3012 = CARTESIAN_POINT ( 'NONE',  ( 0.000000000000000000, 0.000000000000000000, 18.50393700787402906 ) ) ;
#3013 = ORIENTED_EDGE ( 'NONE', *, *, #145, .F. ) ;
#3014 = CYLINDRICAL_SURFACE ( 'NONE', #1111, 0.1377952755905511861 ) ;
#3015 = ORIENTED_EDGE ( 'NONE', *, *, #978, .T. ) ;
#3016 = PERSON_AND_ORGANIZATION ( #2338, #2784 ) ;
#3017 = PERSON ( 'NAUO-PER3', 'UNSPECIFIED', 'UNSPECIFIED', ('UNSPECIFIED'), ('UNSPECIFIED'), ('UNSPECIFIED') ) ;
#3018 = ORIENTED_EDGE ( 'NONE', *, *, #95, .T. ) ;
#3019 = CARTESIAN_POINT ( 'NONE',  ( 0.000000000000000000, 0.000000000000000000, 0.000000000000000000 ) ) ;
#3020 = CARTESIAN_POINT ( 'NONE',  ( -0.1968503937007874405, 0.4921259842519686289, 23.62204724409448886 ) ) ;
#3021 = VERTEX_POINT ( 'NONE', #1805 ) ;
#3022 = EDGE_CURVE ( 'NONE', #2167, #815, #2335, .T. ) ;
#3023 = EDGE_CURVE ( 'NONE', #2192, #1474, #396, .T. ) ;
#3024 = CARTESIAN_POINT ( 'NONE',  ( 0.05905511811023622659, -0.4921259842519686289, 0.000000000000000000 ) ) ;
#3025 = DIRECTION ( 'NONE',  ( 0.000000000000000000, -0.000000000000000000, -1.000000000000000000 ) ) ;
#3026 = ADVANCED_FACE ( 'NONE', ( #2104 ), #2701, .F. ) ;
#3027 = VERTEX_POINT ( 'NONE', #3247 ) ;
#3028 = ORIENTED_EDGE ( 'NONE', *, *, #1648, .F. ) ;
#3029 = SHAPE_DEFINITION_REPRESENTATION ( #3397, #65 ) ;
#3030 = ADVANCED_FACE ( 'NONE', ( #917 ), #681, .F. ) ;
#3031 = VECTOR ( 'NONE', #120, 39.37007874015748143 ) ;
#3032 = CC_DESIGN_APPROVAL ( #1087, ( #928 ) ) ;
#3033 = DATE_AND_TIME ( #188, #1595 ) ;
#3034 = ORGANIZATION ( 'NAUO-ORG8', 'UNSPECIFIED', 'UNSPECIFIED' ) ;
#3035 = DIRECTION ( 'NONE',  ( 0.000000000000000000, 0.000000000000000000, -1.000000000000000000 ) ) ;
#3036 =( REPRESENTATION_RELATIONSHIP ('NONE','NONE', #65, #2117 ) REPRESENTATION_RELATIONSHIP_WITH_TRANSFORMATION ( #3182 )SHAPE_REPRESENTATION_RELATIONSHIP( ) );
#3037 = CC_DESIGN_DATE_AND_TIME_ASSIGNMENT ( #1152, #1455, ( #3229 ) ) ;
#3038 = EDGE_LOOP ( 'NONE', ( #1635, #375, #3378, #1682 ) ) ;
#3039 = LINE ( 'NONE', #2786, #162 ) ;
#3040 = ORIENTED_EDGE ( 'NONE', *, *, #1309, .F. ) ;
#3041 = AXIS2_PLACEMENT_3D ( 'NONE', #2340, #3492, #2911 ) ;
#3042 = PERSON_AND_ORGANIZATION_ROLE ( 'creator' ) ;
#3043 = VERTEX_POINT ( 'NONE', #1487 ) ;
#3044 = FACE_OUTER_BOUND ( 'NONE', #2283, .T. ) ;
#3045 = CARTESIAN_POINT ( 'NONE',  ( 0.08858267716535453418, -0.1427165354330735825, 0.5905511811023671509 ) ) ;
#3046 = ORIENTED_EDGE ( 'NONE', *, *, #595, .T. ) ;
#3047 = FACE_OUTER_BOUND ( 'NONE', #3574, .T. ) ;
#3048 = PLANE ( 'NONE',  #1188 ) ;
#3049 = DIRECTION ( 'NONE',  ( -0.000000000000000000, 0.000000000000000000, 1.000000000000000000 ) ) ;
#3050 = APPROVAL_PERSON_ORGANIZATION ( #3241, #1820, #2311 ) ;
#3051 = ORIENTED_EDGE ( 'NONE', *, *, #3548, .F. ) ;
#3052 = ORIENTED_EDGE ( 'NONE', *, *, #255, .T. ) ;
#3053 = PERSON_AND_ORGANIZATION ( #2338, #2784 ) ;
#3054 = VECTOR ( 'NONE', #1684, 39.37007874015748143 ) ;
#3055 = APPROVAL_STATUS ( 'not_yet_approved' ) ;
#3056 = CARTESIAN_POINT ( 'NONE',  ( 0.05905511811023622659, -0.4921259842519686289, 14.92125984251969584 ) ) ;
#3057 = ORIENTED_EDGE ( 'NONE', *, *, #3493, .F. ) ;
#3058 = FACE_OUTER_BOUND ( 'NONE', #3074, .T. ) ;
#3059 = ORIENTED_EDGE ( 'NONE', *, *, #2194, .F. ) ;
#3060 = PERSON_AND_ORGANIZATION_ROLE ( 'creator' ) ;
#3061 = ADVANCED_FACE ( 'NONE', ( #2068 ), #734, .T. ) ;
#3062 = DIRECTION ( 'NONE',  ( 0.000000000000000000, 0.000000000000000000, 1.000000000000000000 ) ) ;
#3063 = DIRECTION ( 'NONE',  ( 1.000000000000000000, 0.000000000000000000, 0.000000000000000000 ) ) ;
#3064 = VERTEX_POINT ( 'NONE', #2135 ) ;
#3065 = CARTESIAN_POINT ( 'NONE',  ( 0.05905511811023622659, 0.4921259842519686289, 1.181102362204712319 ) ) ;
#3066 = DIRECTION ( 'NONE',  ( 0.000000000000000000, 0.000000000000000000, -1.000000000000000000 ) ) ;
#3067 = AXIS2_PLACEMENT_3D ( 'NONE', #3116, #3146, #581 ) ;
#3068 = ORIENTED_EDGE ( 'NONE', *, *, #1644, .F. ) ;
#3069 = VERTEX_POINT ( 'NONE', #3338 ) ;
#3070 = DATE_AND_TIME ( #2993, #3263 ) ;
#3071 = COORDINATED_UNIVERSAL_TIME_OFFSET ( 5, 0, .BEHIND. ) ;
#3072 = VERTEX_POINT ( 'NONE', #1290 ) ;
#3073 = DIRECTION ( 'NONE',  ( -1.000000000000000000, -0.000000000000000000, -0.000000000000000000 ) ) ;
#3074 = EDGE_LOOP ( 'NONE', ( #1117, #3421, #3631, #3673 ) ) ;
#3075 = APPROVAL_ROLE ( '' ) ;
#3076 = DIRECTION ( 'NONE',  ( -0.000000000000000000, -0.000000000000000000, 1.000000000000000000 ) ) ;
#3077 = ADVANCED_FACE ( 'NONE', ( #3044 ), #2409, .F. ) ;
#3078 = CARTESIAN_POINT ( 'NONE',  ( 0.000000000000000000, 0.000000000000000000, 0.000000000000000000 ) ) ;
#3079 = EDGE_LOOP ( 'NONE', ( #3451, #2746, #3522, #1661 ) ) ;
#3080 = ORIENTED_EDGE ( 'NONE', *, *, #3316, .F. ) ;
#3081 = EDGE_CURVE ( 'NONE', #1456, #2821, #1879, .T. ) ;
#3082 = CARTESIAN_POINT ( 'NONE',  ( 0.1968503937007873850, -0.4921259842519684624, 16.10236220472440749 ) ) ;
#3083 = APPROVAL ( #897, 'UNSPECIFIED' ) ;
#3084 = DIRECTION ( 'NONE',  ( -1.000000000000000000, -1.214306433183765213E-16, -0.000000000000000000 ) ) ;
#3085 = ORIENTED_EDGE ( 'NONE', *, *, #1600, .T. ) ;
#3086 = ORIENTED_EDGE ( 'NONE', *, *, #3135, .F. ) ;
#3087 = PRODUCT_DEFINITION_FORMATION_WITH_SPECIFIED_SOURCE ( 'ANY', '', #727, .NOT_KNOWN. ) ;
#3088 = EDGE_CURVE ( 'NONE', #2167, #1669, #2432, .T. ) ;
#3089 = LENGTH_MEASURE_WITH_UNIT ( LENGTH_MEASURE( 0.02539999999999999897 ), #3384 );
#3090 = ADVANCED_FACE ( 'NONE', ( #3300, #2469 ), #195, .F. ) ;
#3091 = AXIS2_PLACEMENT_3D ( 'NONE', #3012, #1061, #1002 ) ;
#3092 = VERTEX_POINT ( 'NONE', #2189 ) ;
#3093 = CARTESIAN_POINT ( 'NONE',  ( -0.1377952755905511861, 0.000000000000000000, 0.3937007874015748254 ) ) ;
#3094 = ORIENTED_EDGE ( 'NONE', *, *, #2700, .F. ) ;
#3095 = LOCAL_TIME ( 9, 14, 3.000000000000000000, #1057 ) ;
#3096 = APPROVAL_STATUS ( 'not_yet_approved' ) ;
#3097 = CYLINDRICAL_SURFACE ( 'NONE', #3245, 0.1427165354330704461 ) ;
#3098 = SECURITY_CLASSIFICATION ( '', '', #1282 ) ;
#3099 = DIRECTION ( 'NONE',  ( -0.000000000000000000, -0.000000000000000000, -1.000000000000000000 ) ) ;
#3100 = EDGE_LOOP ( 'NONE', ( #3681, #1925 ) ) ;
#3101 = DIRECTION ( 'NONE',  ( -1.000000000000000000, -0.000000000000000000, -0.000000000000000000 ) ) ;
#3102 = DIRECTION ( 'NONE',  ( -1.000000000000000000, -0.000000000000000000, -0.000000000000000000 ) ) ;
#3103 = CIRCLE ( 'NONE', #2982, 0.1427165354330704461 ) ;
#3104 = APPROVAL ( #2421, 'UNKNOWN' ) ;
#3105 = ORIENTED_EDGE ( 'NONE', *, *, #3579, .T. ) ;
#3106 = ORGANIZATION ( 'NAUO-ORG7', 'UNSPECIFIED', 'UNSPECIFIED' ) ;
#3107 = EDGE_CURVE ( 'NONE', #2767, #1005, #2310, .T. ) ;
#3108 = AXIS2_PLACEMENT_3D ( 'NONE', #254, #2553, #2236 ) ;
#3109 = ORIENTED_EDGE ( 'NONE', *, *, #3683, .F. ) ;
#3110 = CARTESIAN_POINT ( 'NONE',  ( -0.08858267716535429825, -0.1427165354330736380, 0.5905511811023671509 ) ) ;
#3111 = CALENDAR_DATE ( 2026, 1, 9 ) ;
#3112 = CIRCLE ( 'NONE', #2323, 0.1427165354330704461 ) ;
#3113 = VERTEX_POINT ( 'NONE', #2172 ) ;
#3114 = PERSON_AND_ORGANIZATION ( #2338, #2784 ) ;
#3115 = AXIS2_PLACEMENT_3D ( 'NONE', #778, #573, #3344 ) ;
#3116 = CARTESIAN_POINT ( 'NONE',  ( 0.05905511811023622659, 0.000000000000000000, 15.51181102362204633 ) ) ;
#3117 = PLANE ( 'NONE',  #779 ) ;
#3118 = DIRECTION ( 'NONE',  ( -1.000000000000000000, -0.000000000000000000, -0.000000000000000000 ) ) ;
#3119 = DIRECTION ( 'NONE',  ( -1.000000000000000000, -0.000000000000000000, -0.000000000000000000 ) ) ;
#3120 = FACE_OUTER_BOUND ( 'NONE', #3079, .T. ) ;
#3121 = ORIENTED_EDGE ( 'NONE', *, *, #1816, .F. ) ;
#3122 = AXIS2_PLACEMENT_3D ( 'NONE', #2115, #3259, #3205 ) ;
#3123 =( LENGTH_UNIT ( ) NAMED_UNIT ( * ) SI_UNIT ( $, .METRE. ) );
#3124 = EDGE_LOOP ( 'NONE', ( #1341, #299 ) ) ;
#3125 = DIRECTION ( 'NONE',  ( -1.000000000000000000, 0.000000000000000000, 0.000000000000000000 ) ) ;
#3126 = PERSON_AND_ORGANIZATION ( #2338, #2784 ) ;
#3127 = VERTEX_POINT ( 'NONE', #3559 ) ;
#3128 = MECHANICAL_CONTEXT ( 'NONE', #2379, 'mechanical' ) ;
#3129 = DIRECTION ( 'NONE',  ( -1.214306433183765213E-16, -1.000000000000000000, 0.000000000000000000 ) ) ;
#3130 = LINE ( 'NONE', #582, #600 ) ;
#3131 = DIRECTION ( 'NONE',  ( 1.000000000000000000, 0.000000000000000000, 0.000000000000000000 ) ) ;
#3132 = CARTESIAN_POINT ( 'NONE',  ( -0.1968503937007874405, 0.4921259842519686289, 14.19685039370078883 ) ) ;
#3133 = EDGE_CURVE ( 'NONE', #1900, #2919, #770, .T. ) ;
#3134 = LINE ( 'NONE', #2851, #365 ) ;
#3135 = EDGE_CURVE ( 'NONE', #2440, #1572, #3639, .T. ) ;
#3136 = ORIENTED_EDGE ( 'NONE', *, *, #1470, .F. ) ;
#3137 = VECTOR ( 'NONE', #367, 39.37007874015748143 ) ;
#3138 =( CONVERSION_BASED_UNIT ( 'INCH', #2573 ) LENGTH_UNIT ( ) NAMED_UNIT ( #635 ) );
#3139 = ADVANCED_FACE ( 'NONE', ( #456 ), #495, .T. ) ;
#3140 = ORIENTED_EDGE ( 'NONE', *, *, #2932, .T. ) ;
#3141 = DIRECTION ( 'NONE',  ( -0.000000000000000000, -0.000000000000000000, -1.000000000000000000 ) ) ;
#3142 = ITEM_DEFINED_TRANSFORMATION ( 'NONE', 'NONE', #338,  #220 ) ;
#3143 = VERTEX_POINT ( 'NONE', #2737 ) ;
#3144 = COORDINATED_UNIVERSAL_TIME_OFFSET ( 5, 0, .BEHIND. ) ;
#3145 = APPROVAL ( #3465, 'UNSPECIFIED' ) ;
#3146 = DIRECTION ( 'NONE',  ( 1.000000000000000000, -0.000000000000000000, 0.000000000000000000 ) ) ;
#3147 = DIRECTION ( 'NONE',  ( 0.000000000000000000, -1.000000000000000000, 0.000000000000000000 ) ) ;
#3148 = EDGE_LOOP ( 'NONE', ( #1319, #2098 ) ) ;
#3149 = CIRCLE ( 'NONE', #523, 0.1427165354330697800 ) ;
#3150 = PERSON ( 'NAUO-PER1', 'UNSPECIFIED', 'UNSPECIFIED', ('UNSPECIFIED'), ('UNSPECIFIED'), ('UNSPECIFIED') ) ;
#3151 = VECTOR ( 'NONE', #606, 39.37007874015748143 ) ;
#3152 = FACE_OUTER_BOUND ( 'NONE', #77, .T. ) ;
#3153 = EDGE_CURVE ( 'NONE', #2174, #1091, #1594, .T. ) ;
#3154 = LINE ( 'NONE', #2678, #3031 ) ;
#3155 = ORIENTED_EDGE ( 'NONE', *, *, #103, .T. ) ;
#3156 = CIRCLE ( 'NONE', #2914, 0.1427165354330704461 ) ;
#3157 = EDGE_CURVE ( 'NONE', #1234, #168, #3542, .T. ) ;
#3158 = DIRECTION ( 'NONE',  ( 0.000000000000000000, 0.000000000000000000, 1.000000000000000000 ) ) ;
#3159 = VECTOR ( 'NONE', #2775, 39.37007874015748143 ) ;
#3160 = CONTEXT_DEPENDENT_SHAPE_REPRESENTATION ( #2193, #1865 ) ;
#3161 = CC_DESIGN_APPROVAL ( #3357, ( #3519 ) ) ;
#3162 = ORIENTED_EDGE ( 'NONE', *, *, #3190, .T. ) ;
#3163 = DIRECTION ( 'NONE',  ( -0.000000000000000000, -0.000000000000000000, 1.000000000000000000 ) ) ;
#3164 = CALENDAR_DATE ( 2026, 1, 9 ) ;
#3165 = LOCAL_TIME ( 9, 14, 3.000000000000000000, #1704 ) ;
#3166 = VERTEX_POINT ( 'NONE', #2488 ) ;
#3167 = PERSON_AND_ORGANIZATION_ROLE ( 'creator' ) ;
#3168 = CARTESIAN_POINT ( 'NONE',  ( 0.1968503937007873850, -6.829619984160658046E-16, 0.7332677165354336557 ) ) ;
#3169 = FACE_OUTER_BOUND ( 'NONE', #1190, .T. ) ;
#3170 = CARTESIAN_POINT ( 'NONE',  ( 0.1968503937007876070, -0.4921259842519684624, 22.44094488188977721 ) ) ;
#3171 = AXIS2_PLACEMENT_3D ( 'NONE', #2088, #866, #2989 ) ;
#3172 = CIRCLE ( 'NONE', #479, 0.1427165354330704461 ) ;
#3173 = EDGE_CURVE ( 'NONE', #2507, #1391, #2705, .T. ) ;
#3174 = AXIS2_PLACEMENT_3D ( 'NONE', #1459, #1765, #341 ) ;
#3175 = CARTESIAN_POINT ( 'NONE',  ( 0.1968503937007873850, 0.4921259842519686289, 1.181102362204724310 ) ) ;
#3176 = ORIENTED_EDGE ( 'NONE', *, *, #802, .F. ) ;
#3177 = FACE_OUTER_BOUND ( 'NONE', #792, .T. ) ;
#3178 = DIRECTION ( 'NONE',  ( 0.000000000000000000, 0.000000000000000000, 1.000000000000000000 ) ) ;
#3179 = DIRECTION ( 'NONE',  ( 1.000000000000000000, 0.000000000000000000, 0.000000000000000000 ) ) ;
#3180 = ORIENTED_EDGE ( 'NONE', *, *, #3302, .T. ) ;
#3181 = FACE_OUTER_BOUND ( 'NONE', #2794, .T. ) ;
#3182 = ITEM_DEFINED_TRANSFORMATION ( 'NONE', 'NONE', #3328,  #220 ) ;
#3183 = EDGE_LOOP ( 'NONE', ( #2627, #745, #751, #1680 ) ) ;
#3184 = PERSON_AND_ORGANIZATION ( #2338, #2784 ) ;
#3185 = CARTESIAN_POINT ( 'NONE',  ( -0.05905511811023622659, -0.4921259842519686289, 1.181102362204712319 ) ) ;
#3186 = DIRECTION ( 'NONE',  ( 0.000000000000000000, -0.000000000000000000, -1.000000000000000000 ) ) ;
#3187 = VERTEX_POINT ( 'NONE', #1937 ) ;
#3188 = CIRCLE ( 'NONE', #1571, 0.1427165354330704461 ) ;
#3189 = CARTESIAN_POINT ( 'NONE',  ( 0.1968503937007873850, -6.829619984160658046E-16, 0.5905511811023627100 ) ) ;
#3190 = EDGE_CURVE ( 'NONE', #2239, #1743, #3281, .T. ) ;
#3191 = CARTESIAN_POINT ( 'NONE',  ( -0.1968503937007874405, 0.4921259842519686289, 0.000000000000000000 ) ) ;
#3192 = EDGE_LOOP ( 'NONE', ( #1027, #2320 ) ) ;
#3193 = EDGE_CURVE ( 'NONE', #234, #3127, #512, .T. ) ;
#3194 = ADVANCED_FACE ( 'NONE', ( #717, #1856, #3001 ), #158, .F. ) ;
#3195 = APPROVAL ( #1421, 'UNSPECIFIED' ) ;
#3196 = CARTESIAN_POINT ( 'NONE',  ( 0.1968503937007873850, 1.229331597148918547E-15, 19.09448818897637778 ) ) ;
#3197 =( NAMED_UNIT ( * ) PLANE_ANGLE_UNIT ( ) SI_UNIT ( $, .RADIAN. ) );
#3198 = ORIENTED_EDGE ( 'NONE', *, *, #2145, .T. ) ;
#3199 = EDGE_CURVE ( 'NONE', #2151, #474, #17, .T. ) ;
#3200 = DIRECTION ( 'NONE',  ( 1.000000000000000000, 0.000000000000000000, 0.000000000000000000 ) ) ;
#3201 = APPROVAL_ROLE ( '' ) ;
#3202 = ORIENTED_EDGE ( 'NONE', *, *, #2318, .T. ) ;
#3203 = COORDINATED_UNIVERSAL_TIME_OFFSET ( 5, 0, .BEHIND. ) ;
#3204 = EDGE_CURVE ( 'NONE', #550, #941, #194, .T. ) ;
#3205 = DIRECTION ( 'NONE',  ( 1.000000000000000000, 0.000000000000000000, -0.000000000000000000 ) ) ;
#3206 = CARTESIAN_POINT ( 'NONE',  ( 1.092519685039370136, 0.1427165354330699187, 23.03149606299213303 ) ) ;
#3207 = ORIENTED_EDGE ( 'NONE', *, *, #3081, .T. ) ;
#3208 = CARTESIAN_POINT ( 'NONE',  ( -0.1377952755905511861, 0.000000000000000000, 0.000000000000000000 ) ) ;
#3209 = ADVANCED_FACE ( 'NONE', ( #1972 ), #3446, .F. ) ;
#3210 = CARTESIAN_POINT ( 'NONE',  ( 0.05905511811023622659, -0.4921259842519686289, 13.01574803149607718 ) ) ;
#3211 = AXIS2_PLACEMENT_3D ( 'NONE', #1286, #3073, #1912 ) ;
#3212 = CARTESIAN_POINT ( 'NONE',  ( -0.05905511811023622659, 0.4921259842519686289, 1.181102362204712319 ) ) ;
#3213 = CC_DESIGN_APPROVAL ( #3104, ( #3098 ) ) ;
#3214 = LINE ( 'NONE', #2358, #2211 ) ;
#3215 = DIRECTION ( 'NONE',  ( 0.000000000000000000, 0.000000000000000000, -1.000000000000000000 ) ) ;
#3216 = CC_DESIGN_DATE_AND_TIME_ASSIGNMENT ( #3033, #1001, ( #3098 ) ) ;
#3217 = VECTOR ( 'NONE', #1847, 39.37007874015748143 ) ;
#3218 = CARTESIAN_POINT ( 'NONE',  ( 49.72395565221656710, 34.40636460156671461, 50.04275963672525052 ) ) ;
#3219 = CARTESIAN_POINT ( 'NONE',  ( -0.1968503937007874405, 1.229331597148918547E-15, 19.09448818897637778 ) ) ;
#3220 = PERSON_AND_ORGANIZATION ( #2927, #1125 ) ;
#3221 = VERTEX_POINT ( 'NONE', #1156 ) ;
#3222 = DATE_TIME_ROLE ( 'classification_date' ) ;
#3223 = ADVANCED_FACE ( 'NONE', ( #3394, #1425, #1706 ), #2846, .F. ) ;
#3224 = DIRECTION ( 'NONE',  ( 0.000000000000000000, 0.000000000000000000, -1.000000000000000000 ) ) ;
#3225 = CARTESIAN_POINT ( 'NONE',  ( 0.1968503937007873850, -0.4921259842519684624, 14.19685039370078883 ) ) ;
#3226 = ORIENTED_EDGE ( 'NONE', *, *, #978, .F. ) ;
#3227 = DIRECTION ( 'NONE',  ( 0.000000000000000000, 0.000000000000000000, 1.000000000000000000 ) ) ;
#3228 = FACE_OUTER_BOUND ( 'NONE', #2594, .T. ) ;
#3229 = SECURITY_CLASSIFICATION ( '', '', #967 ) ;
#3230 = VECTOR ( 'NONE', #3131, 39.37007874015748143 ) ;
#3231 = DIRECTION ( 'NONE',  ( 0.000000000000000000, 0.000000000000000000, 1.000000000000000000 ) ) ;
#3232 = DIRECTION ( 'NONE',  ( -0.000000000000000000, -0.000000000000000000, -1.000000000000000000 ) ) ;
#3233 = AXIS2_PLACEMENT_3D ( 'NONE', #3364, #795, #1943 ) ;
#3234 = DIRECTION ( 'NONE',  ( 0.000000000000000000, 0.000000000000000000, -1.000000000000000000 ) ) ;
#3235 = ORIENTED_EDGE ( 'NONE', *, *, #2247, .T. ) ;
#3236 = DIRECTION ( 'NONE',  ( 0.000000000000000000, 1.000000000000000000, 0.000000000000000000 ) ) ;
#3237 = DIRECTION ( 'NONE',  ( 1.881155732856381830E-17, -2.883584123210769846E-17, 1.000000000000000000 ) ) ;
#3238 = CARTESIAN_POINT ( 'NONE',  ( 0.05905511811023622659, 0.4921259842519686289, 1.181102362204712319 ) ) ;
#3239 = CONTEXT_DEPENDENT_SHAPE_REPRESENTATION ( #1432, #1831 ) ;
#3240 = EDGE_LOOP ( 'NONE', ( #3260, #3052, #1575, #1896 ) ) ;
#3241 = PERSON_AND_ORGANIZATION ( #2338, #2784 ) ;
#3242 = DIRECTION ( 'NONE',  ( 0.000000000000000000, 1.000000000000000000, 0.000000000000000000 ) ) ;
#3243 = DIRECTION ( 'NONE',  ( 0.000000000000000000, 0.000000000000000000, -1.000000000000000000 ) ) ;
#3244 = ORIENTED_EDGE ( 'NONE', *, *, #3304, .T. ) ;
#3245 = AXIS2_PLACEMENT_3D ( 'NONE', #2565, #1122, #1138 ) ;
#3246 = CARTESIAN_POINT ( 'NONE',  ( 0.05905511811023622659, -0.4921259842519686289, 16.10236220472440749 ) ) ;
#3247 = CARTESIAN_POINT ( 'NONE',  ( -0.05905511811023622659, 0.4921259842519686289, 13.01574803149607718 ) ) ;
#3248 = CARTESIAN_POINT ( 'NONE',  ( 0.1968503937007873850, -6.829619984160658046E-16, 0.5905511811023627100 ) ) ;
#3249 = DIRECTION ( 'NONE',  ( 1.387778780781445676E-16, 1.000000000000000000, -0.000000000000000000 ) ) ;
#3250 = EDGE_CURVE ( 'NONE', #3127, #1456, #1443, .T. ) ;
#3251 = LINE ( 'NONE', #369, #837 ) ;
#3252 = EDGE_CURVE ( 'NONE', #2159, #1703, #1745, .T. ) ;
#3253 = DIRECTION ( 'NONE',  ( 1.000000000000000000, -0.000000000000000000, -0.000000000000000000 ) ) ;
#3254 = DIRECTION ( 'NONE',  ( 0.9999739302707120192, 0.007220718727753466966, 9.548771249006223079E-17 ) ) ;
#3255 = CARTESIAN_POINT ( 'NONE',  ( 0.000000000000000000, 0.000000000000000000, 0.000000000000000000 ) ) ;
#3256 = APPROVAL_ROLE ( '' ) ;
#3257 = PERSON_AND_ORGANIZATION_ROLE ( 'creator' ) ;
#3258 = ADVANCED_FACE ( 'NONE', ( #305 ), #3097, .F. ) ;
#3259 = DIRECTION ( 'NONE',  ( 0.000000000000000000, -0.000000000000000000, 1.000000000000000000 ) ) ;
#3260 = ORIENTED_EDGE ( 'NONE', *, *, #3683, .T. ) ;
#3261 = DIRECTION ( 'NONE',  ( 0.000000000000000000, 0.000000000000000000, 1.000000000000000000 ) ) ;
#3262 = CC_DESIGN_DATE_AND_TIME_ASSIGNMENT ( #653, #2328, ( #2260 ) ) ;
#3263 = LOCAL_TIME ( 9, 14, 3.000000000000000000, #1845 ) ;
#3264 = CARTESIAN_POINT ( 'NONE',  ( -0.1968503937007874405, -1.024442997624098658E-15, 0.5905511811023627100 ) ) ;
#3265 = PLANE ( 'NONE',  #1848 ) ;
#3266 = DIRECTION ( 'NONE',  ( -1.000000000000000000, -0.000000000000000000, -0.000000000000000000 ) ) ;
#3267 = LINE ( 'NONE', #2706, #774 ) ;
#3268 = EDGE_CURVE ( 'NONE', #394, #2924, #230, .T. ) ;
#3269 = LINE ( 'NONE', #2457, #1240 ) ;
#3270 = CC_DESIGN_APPROVAL ( #1510, ( #455 ) ) ;
#3271 = DATE_AND_TIME ( #3593, #2609 ) ;
#3272 = CC_DESIGN_SECURITY_CLASSIFICATION ( #3690, ( #3702 ) ) ;
#3273 = CARTESIAN_POINT ( 'NONE',  ( 0.05905511811023622659, -0.4921259842519686289, 1.181102362204712319 ) ) ;
#3274 = ITEM_DEFINED_TRANSFORMATION ( 'NONE', 'NONE', #1113,  #220 ) ;
#3275 = DIRECTION ( 'NONE',  ( -1.000000000000000000, -1.214306433183764966E-16, 0.000000000000000000 ) ) ;
#3276 = ORIENTED_EDGE ( 'NONE', *, *, #704, .T. ) ;
#3277 = VERTEX_POINT ( 'NONE', #1371 ) ;
#3278 = CARTESIAN_POINT ( 'NONE',  ( 0.000000000000000000, 0.000000000000000000, 14.19685039370078883 ) ) ;
#3279 = VECTOR ( 'NONE', #308, 39.37007874015748143 ) ;
#3280 = APPROVAL_ROLE ( '' ) ;
#3281 = LINE ( 'NONE', #2721, #2277 ) ;
#3282 = ORGANIZATION ( 'NAUO-ORG3', 'UNSPECIFIED', 'UNSPECIFIED' ) ;
#3283 = DIRECTION ( 'NONE',  ( -1.000000000000000000, -0.000000000000000000, -0.000000000000000000 ) ) ;
#3284 = ORIENTED_EDGE ( 'NONE', *, *, #2913, .F. ) ;
#3285 = SECURITY_CLASSIFICATION ( '', '', #38 ) ;
#3286 = CLOSED_SHELL ( 'NONE', ( #3258, #2003, #207, #1376, #2415, #1208, #3194, #2241, #3223, #2961, #1300, #2195, #1082, #3090, #759, #2780, #214, #1095, #964, #324, #484, #317 ) ) ;
#3287 = FACE_BOUND ( 'NONE', #62, .T. ) ;
#3288 = AXIS2_PLACEMENT_3D ( 'NONE', #2964, #1562, #1450 ) ;
#3289 = LINE ( 'NONE', #1053, #1718 ) ;
#3290 = AXIS2_PLACEMENT_3D ( 'NONE', #1617, #3006, #2763 ) ;
#3291 = CALENDAR_DATE ( 2026, 1, 9 ) ;
#3292 = COORDINATED_UNIVERSAL_TIME_OFFSET ( 5, 0, .BEHIND. ) ;
#3293 = LINE ( 'NONE', #2731, #2670 ) ;
#3294 = ORIENTED_EDGE ( 'NONE', *, *, #2204, .F. ) ;
#3295 = ORIENTED_EDGE ( 'NONE', *, *, #3107, .T. ) ;
#3296 = DIRECTION ( 'NONE',  ( -0.000000000000000000, -0.000000000000000000, -1.000000000000000000 ) ) ;
#3297 = EDGE_CURVE ( 'NONE', #2821, #234, #1671, .T. ) ;
#3298 = VERTEX_POINT ( 'NONE', #1953 ) ;
#3299 = DATE_TIME_ROLE ( 'classification_date' ) ;
#3300 = FACE_BOUND ( 'NONE', #1584, .T. ) ;
#3301 = LINE ( 'NONE', #2217, #905 ) ;
#3302 = EDGE_CURVE ( 'NONE', #1665, #2169, #2510, .T. ) ;
#3303 = EDGE_LOOP ( 'NONE', ( #1991, #2723 ) ) ;
#3304 = EDGE_CURVE ( 'NONE', #1948, #2807, #373, .T. ) ;
#3305 = DIRECTION ( 'NONE',  ( -1.000000000000000000, 0.000000000000000000, 0.000000000000000000 ) ) ;
#3306 = CARTESIAN_POINT ( 'NONE',  ( 0.05905511811023622659, 1.747773483035079435E-17, 15.36909448818897594 ) ) ;
#3307 = CC_DESIGN_DATE_AND_TIME_ASSIGNMENT ( #1288, #2430, ( #44 ) ) ;
#3308 = ORIENTED_EDGE ( 'NONE', *, *, #863, .F. ) ;
#3309 = COORDINATED_UNIVERSAL_TIME_OFFSET ( 5, 0, .BEHIND. ) ;
#3310 = DATE_AND_TIME ( #1570, #2611 ) ;
#3311 =( NAMED_UNIT ( * ) PLANE_ANGLE_UNIT ( ) SI_UNIT ( $, .RADIAN. ) );
#3312 = EDGE_LOOP ( 'NONE', ( #2864, #2405, #3668, #2663, #227, #953, #852, #3692, #1032, #1374, #489, #3374 ) ) ;
#3313 = LINE ( 'NONE', #1025, #3385 ) ;
#3314 = VERTEX_POINT ( 'NONE', #3168 ) ;
#3315 = PERSON_AND_ORGANIZATION_ROLE ( 'classification_officer' ) ;
#3316 = EDGE_CURVE ( 'NONE', #2617, #2155, #3659, .T. ) ;
#3317 = VECTOR ( 'NONE', #901, 39.37007874015748143 ) ;
#3318 = EDGE_LOOP ( 'NONE', ( #2760, #628, #1683, #3015 ) ) ;
#3319 = DIRECTION ( 'NONE',  ( 1.387778780781445676E-16, -1.000000000000000000, 0.000000000000000000 ) ) ;
#3320 = CARTESIAN_POINT ( 'NONE',  ( 0.05905511811023622659, 0.4921259842519686289, 14.92125984251969584 ) ) ;
#3321 = ORIENTED_EDGE ( 'NONE', *, *, #3157, .T. ) ;
#3322 = ADVANCED_FACE ( 'NONE', ( #2230 ), #3376, .F. ) ;
#3323 = LINE ( 'NONE', #1636, #364 ) ;
#3324 = CARTESIAN_POINT ( 'NONE',  ( -0.1968503937007874405, -0.4921259842519684624, 19.68503937007874072 ) ) ;
#3325 = ORIENTED_EDGE ( 'NONE', *, *, #95, .F. ) ;
#3326 = ORIENTED_EDGE ( 'NONE', *, *, #45, .F. ) ;
#3327 = DIRECTION ( 'NONE',  ( 1.000000000000000000, 0.000000000000000000, 0.000000000000000000 ) ) ;
#3328 = AXIS2_PLACEMENT_3D ( 'NONE', #612, #2110, #3237 ) ;
#3330 = EDGE_CURVE ( 'NONE', #614, #2777, #1021, .T. ) ;
#3329 = CALENDAR_DATE ( 2026, 1, 9 ) ;
#3331 = LOCAL_TIME ( 9, 14, 3.000000000000000000, #2205 ) ;
#3332 = CARTESIAN_POINT ( 'NONE',  ( 0.08858267716535427050, 1.075665147505300468E-17, 23.03149606299213303 ) ) ;
#3333 = ORIENTED_EDGE ( 'NONE', *, *, #707, .T. ) ;
#3334 = CARTESIAN_POINT ( 'NONE',  ( 0.05905511811023622659, -6.829619984160658046E-16, 0.5905511811023627100 ) ) ;
#3335 = ORIENTED_EDGE ( 'NONE', *, *, #3173, .T. ) ;
#3336 = AXIS2_PLACEMENT_3D ( 'NONE', #2475, #2764, #1843 ) ;
#3337 = PERSON_AND_ORGANIZATION_ROLE ( 'design_supplier' ) ;
#3338 = CARTESIAN_POINT ( 'NONE',  ( -0.1968503937007874405, 9.053283327712363773E-16, 13.46358267716535551 ) ) ;
#3339 = CARTESIAN_POINT ( 'NONE',  ( 0.08858267716535445091, -0.4921259842519684624, 0.000000000000000000 ) ) ;
#3340 = ORIENTED_EDGE ( 'NONE', *, *, #2653, .T. ) ;
#3341 = VECTOR ( 'NONE', #2891, 39.37007874015748143 ) ;
#3342 = LOCAL_TIME ( 9, 14, 3.000000000000000000, #2043 ) ;
#3343 = FACE_OUTER_BOUND ( 'NONE', #1686, .T. ) ;
#3344 = DIRECTION ( 'NONE',  ( 1.000000000000000000, 0.000000000000000000, -0.000000000000000000 ) ) ;
#3345 = PRODUCT_DEFINITION_FORMATION_WITH_SPECIFIED_SOURCE ( 'ANY', '', #1566, .NOT_KNOWN. ) ;
#3346 = ORIENTED_EDGE ( 'NONE', *, *, #2608, .F. ) ;
#3347 = COORDINATED_UNIVERSAL_TIME_OFFSET ( 5, 0, .BEHIND. ) ;
#3348 = VECTOR ( 'NONE', #1598, 39.37007874015748143 ) ;
#3349 = AXIS2_PLACEMENT_3D ( 'NONE', #2826, #3125, #5 ) ;
#3350 = PERSON_AND_ORGANIZATION_ROLE ( 'classification_officer' ) ;
#3351 = ADVANCED_FACE ( 'NONE', ( #3675, #3449 ), #1106, .F. ) ;
#3352 = PLANE ( 'NONE',  #2729 ) ;
#3353 = ORIENTED_EDGE ( 'NONE', *, *, #3595, .T. ) ;
#3354 = DIRECTION ( 'NONE',  ( 1.000000000000000000, -1.214306433183765213E-16, 0.000000000000000000 ) ) ;
#3355 = ORIENTED_EDGE ( 'NONE', *, *, #1539, .T. ) ;
#3356 = APPLICATION_PROTOCOL_DEFINITION ( 'international standard', 'config_control_design', 1994, #3535 ) ;
#3357 = APPROVAL ( #408, 'UNKNOWN' ) ;
#3358 = DIRECTION ( 'NONE',  ( -1.000000000000000000, 0.000000000000000000, 0.000000000000000000 ) ) ;
#3359 = DIRECTION ( 'NONE',  ( -1.000000000000000000, -0.000000000000000000, -0.000000000000000000 ) ) ;
#3360 = VERTEX_POINT ( 'NONE', #360 ) ;
#3361 = ORIENTED_EDGE ( 'NONE', *, *, #1033, .T. ) ;
#3362 = CARTESIAN_POINT ( 'NONE',  ( 0.1968503937007873850, -1.832148754629898243E-15, 0.7332677165354325455 ) ) ;
#3363 = ADVANCED_FACE ( 'NONE', ( #2901 ), #2390, .F. ) ;
#3364 = CARTESIAN_POINT ( 'NONE',  ( -0.05905511811023620578, -6.829619984160658046E-16, 0.5905511811023627100 ) ) ;
#3365 = VECTOR ( 'NONE', #1833, 39.37007874015748143 ) ;
#3366 = PRODUCT_DEFINITION_SHAPE ( 'NONE', 'NONE',  #2915 ) ;
#3367 = EDGE_LOOP ( 'NONE', ( #2606, #1662, #3483, #3028, #2844, #3346, #1289, #820, #240, #35, #2785, #731 ) ) ;
#3368 = EDGE_CURVE ( 'NONE', #2777, #1299, #2368, .T. ) ;
#3369 = ORIENTED_EDGE ( 'NONE', *, *, #916, .F. ) ;
#3370 = EDGE_CURVE ( 'NONE', #2239, #785, #340, .T. ) ;
#3371 = VECTOR ( 'NONE', #3232, 39.37007874015748143 ) ;
#3372 = EDGE_LOOP ( 'NONE', ( #3609, #2658, #1436, #2559 ) ) ;
#3373 = LINE ( 'NONE', #801, #950 ) ;
#3374 = ORIENTED_EDGE ( 'NONE', *, *, #167, .T. ) ;
#3375 = PERSON_AND_ORGANIZATION ( #2338, #2784 ) ;
#3376 = PLANE ( 'NONE',  #2396 ) ;
#3377 = CARTESIAN_POINT ( 'NONE',  ( -0.1968503937007874405, -6.829619984160658046E-16, 0.5905511811023627100 ) ) ;
#3378 = ORIENTED_EDGE ( 'NONE', *, *, #2034, .F. ) ;
#3379 = ORIENTED_EDGE ( 'NONE', *, *, #3612, .T. ) ;
#3380 = LINE ( 'NONE', #1980, #880 ) ;
#3381 = DIRECTION ( 'NONE',  ( 1.000000000000000000, -0.000000000000000000, 0.000000000000000000 ) ) ;
#3382 = VERTEX_POINT ( 'NONE', #2959 ) ;
#3383 = CC_DESIGN_PERSON_AND_ORGANIZATION_ASSIGNMENT ( #2789, #3315, ( #344 ) ) ;
#3384 =( LENGTH_UNIT ( ) NAMED_UNIT ( * ) SI_UNIT ( $, .METRE. ) );
#3385 = VECTOR ( 'NONE', #2168, 39.37007874015748143 ) ;
#3386 = ORIENTED_EDGE ( 'NONE', *, *, #1677, .F. ) ;
#3387 = AXIS2_PLACEMENT_3D ( 'NONE', #3534, #3513, #2039 ) ;
#3388 = VERTEX_POINT ( 'NONE', #1251 ) ;
#3389 = CARTESIAN_POINT ( 'NONE',  ( 0.1968503937007873850, 0.000000000000000000, 15.51181102362204633 ) ) ;
#3390 = SECURITY_CLASSIFICATION_LEVEL ( 'unclassified' ) ;
#3391 = ORIENTED_EDGE ( 'NONE', *, *, #1528, .T. ) ;
#3392 = APPROVAL_PERSON_ORGANIZATION ( #1548, #1946, #1039 ) ;
#3393 = PERSON_AND_ORGANIZATION ( #2338, #2784 ) ;
#3394 = FACE_BOUND ( 'NONE', #3192, .T. ) ;
#3395 = DIRECTION ( 'NONE',  ( -0.000000000000000000, -1.000000000000000000, -0.000000000000000000 ) ) ;
#3396 = CARTESIAN_POINT ( 'NONE',  ( 0.1968503937007873850, -0.4921259842519684624, 23.62204724409448886 ) ) ;
#3397 = PRODUCT_DEFINITION_SHAPE ( 'NONE', 'NONE',  #3544 ) ;
#3398 = VECTOR ( 'NONE', #3515, 39.37007874015748143 ) ;
#3399 = LINE ( 'NONE', #1547, #2799 ) ;
#3400 = CARTESIAN_POINT ( 'NONE',  ( -0.1968503937007874405, 0.4921259842519686289, 0.000000000000000000 ) ) ;
#3401 = VECTOR ( 'NONE', #2983, 39.37007874015748143 ) ;
#3402 = ORIENTED_EDGE ( 'NONE', *, *, #3625, .F. ) ;
#3403 = CC_DESIGN_APPROVAL ( #1705, ( #650 ) ) ;
#3404 = VECTOR ( 'NONE', #2832, 39.37007874015748143 ) ;
#3405 = ORIENTED_EDGE ( 'NONE', *, *, #3250, .T. ) ;
#3406 = ORIENTED_EDGE ( 'NONE', *, *, #1973, .T. ) ;
#3407 = DIRECTION ( 'NONE',  ( 0.000000000000000000, 1.000000000000000000, 0.000000000000000000 ) ) ;
#3408 = APPROVAL_ROLE ( '' ) ;
#3409 = AXIS2_PLACEMENT_3D ( 'NONE', #3509, #940, #3562 ) ;
#3410 = ORIENTED_EDGE ( 'NONE', *, *, #1370, .F. ) ;
#3411 = APPROVAL_ROLE ( '' ) ;
#3412 = VECTOR ( 'NONE', #1355, 39.37007874015748143 ) ;
#3413 = EDGE_CURVE ( 'NONE', #492, #3314, #2645, .T. ) ;
#3414 = CARTESIAN_POINT ( 'NONE',  ( 0.08858267716535456193, 0.4921259842519686289, 1.181102362204724310 ) ) ;
#3415 = EDGE_CURVE ( 'NONE', #15, #1488, #2331, .T. ) ;
#3416 = CARTESIAN_POINT ( 'NONE',  ( 0.000000000000000000, 0.000000000000000000, 0.000000000000000000 ) ) ;
#3417 = LINE ( 'NONE', #1727, #2970 ) ;
#3418 = DIRECTION ( 'NONE',  ( 1.196361017915048607E-16, -1.000000000000000000, 0.000000000000000000 ) ) ;
#3419 = DIRECTION ( 'NONE',  ( -0.000000000000000000, -0.000000000000000000, -1.000000000000000000 ) ) ;
#3420 = EDGE_CURVE ( 'NONE', #3510, #617, #1481, .T. ) ;
#3421 = ORIENTED_EDGE ( 'NONE', *, *, #3572, .F. ) ;
#3422 = AXIS2_PLACEMENT_3D ( 'NONE', #678, #323, #930 ) ;
#3423 = CC_DESIGN_PERSON_AND_ORGANIZATION_ASSIGNMENT ( #676, #3257, ( #2252 ) ) ;
#3424 = EDGE_LOOP ( 'NONE', ( #1779, #2916, #2710, #910 ) ) ;
#3425 = VERTEX_POINT ( 'NONE', #2064 ) ;
#3426 = CARTESIAN_POINT ( 'NONE',  ( -0.1968503937007874405, -0.4921259842519684624, 16.10236220472440749 ) ) ;
#3427 = APPROVAL_DATE_TIME ( #3689, #3195 ) ;
#3428 = ORIENTED_EDGE ( 'NONE', *, *, #322, .F. ) ;
#3429 = PERSON_AND_ORGANIZATION_ROLE ( 'design_owner' ) ;
#3430 = DIRECTION ( 'NONE',  ( -1.000000000000000000, 0.000000000000000000, 0.000000000000000000 ) ) ;
#3431 = CARTESIAN_POINT ( 'NONE',  ( 0.05905511811023622659, 0.4921259842519686289, 19.68503937007874072 ) ) ;
#3432 = EDGE_LOOP ( 'NONE', ( #1776, #803, #1007, #2782 ) ) ;
#3433 = EDGE_CURVE ( 'NONE', #598, #1521, #2225, .T. ) ;
#3434 = CARTESIAN_POINT ( 'NONE',  ( -0.05905511811023620578, -1.006965262793747678E-15, 0.4478346456692918753 ) ) ;
#3435 = CARTESIAN_POINT ( 'NONE',  ( -0.08858267716535429825, -0.1427165354330698077, 23.03149606299213303 ) ) ;
#3436 = ORIENTED_EDGE ( 'NONE', *, *, #1810, .T. ) ;
#3437 = ITEM_DEFINED_TRANSFORMATION ( 'NONE', 'NONE', #399,  #220 ) ;
#3438 =( CONVERSION_BASED_UNIT ( 'INCH', #244 ) LENGTH_UNIT ( ) NAMED_UNIT ( #1503 ) );
#3439 = DIRECTION ( 'NONE',  ( -0.000000000000000000, -0.000000000000000000, 1.000000000000000000 ) ) ;
#3440 = ORIENTED_EDGE ( 'NONE', *, *, #2581, .F. ) ;
#3441 = ADVANCED_FACE ( 'NONE', ( #969 ), #60, .F. ) ;
#3442 = CARTESIAN_POINT ( 'NONE',  ( 0.05905511811023622659, 0.4921259842519686289, 1.181102362204712319 ) ) ;
#3443 = CALENDAR_DATE ( 2026, 1, 9 ) ;
#3444 = ORIENTED_EDGE ( 'NONE', *, *, #777, .T. ) ;
#3445 = CALENDAR_DATE ( 2026, 1, 9 ) ;
#3446 = CYLINDRICAL_SURFACE ( 'NONE', #788, 0.1427165354330697800 ) ;
#3447 = FACE_OUTER_BOUND ( 'NONE', #3617, .T. ) ;
#3448 = CARTESIAN_POINT ( 'NONE',  ( -0.05905511811023622659, -0.4921259842519686289, 0.000000000000000000 ) ) ;
#3449 = FACE_OUTER_BOUND ( 'NONE', #3038, .T. ) ;
#3450 = CYLINDRICAL_SURFACE ( 'NONE', #1486, 0.1427165354330708624 ) ;
#3451 = ORIENTED_EDGE ( 'NONE', *, *, #1262, .T. ) ;
#3452 = AXIS2_PLACEMENT_3D ( 'NONE', #3532, #961, #2109 ) ;
#3453 = LINE ( 'NONE', #50, #2931 ) ;
#3454 = CARTESIAN_POINT ( 'NONE',  ( -0.08858267716535438152, 0.4921259842519686289, 22.44094488188977721 ) ) ;
#3455 = AXIS2_PLACEMENT_3D ( 'NONE', #1349, #3062, #1897 ) ;
#3456 = DIRECTION ( 'NONE',  ( 1.659506123405922234E-17, -2.885607197488766376E-17, 1.000000000000000000 ) ) ;
#3457 = LOCAL_TIME ( 9, 14, 3.000000000000000000, #1119 ) ;
#3458 = ORIENTED_EDGE ( 'NONE', *, *, #259, .T. ) ;
#3459 = ADVANCED_BREP_SHAPE_REPRESENTATION ( '', ( #2178, #220 ), #1893 ) ;
#3460 = CARTESIAN_POINT ( 'NONE',  ( -0.05905511811023622659, -0.4921259842519686289, 1.181102362204712319 ) ) ;
#3461 = SECURITY_CLASSIFICATION_LEVEL ( 'unclassified' ) ;
#3462 = EDGE_CURVE ( 'NONE', #2160, #791, #1783, .T. ) ;
#3463 = LOCAL_TIME ( 9, 14, 3.000000000000000000, #1442 ) ;
#3464 = ORIENTED_EDGE ( 'NONE', *, *, #148, .F. ) ;
#3465 = APPROVAL_STATUS ( 'not_yet_approved' ) ;
#3466 = EDGE_CURVE ( 'NONE', #563, #3187, #79, .T. ) ;
#3467 = DIRECTION ( 'NONE',  ( 1.000000000000000000, 0.000000000000000000, 0.000000000000000000 ) ) ;
#3468 = CARTESIAN_POINT ( 'NONE',  ( 0.05905511811023622659, 1.246809331979269329E-15, 18.95177165354330739 ) ) ;
#3469 = VERTEX_POINT ( 'NONE', #2348 ) ;
#3470 = CARTESIAN_POINT ( 'NONE',  ( 0.08858267716535454805, -2.737466480469794803E-15, 0.5905511811023671509 ) ) ;
#3471 = VECTOR ( 'NONE', #2398, 39.37007874015748143 ) ;
#3472 = CC_DESIGN_PERSON_AND_ORGANIZATION_ASSIGNMENT ( #844, #1687, ( #2987 ) ) ;
#3473 = VECTOR ( 'NONE', #2265, 39.37007874015748143 ) ;
#3474 = CARTESIAN_POINT ( 'NONE',  ( -0.05905511811023622659, -0.4921259842519686289, 0.000000000000000000 ) ) ;
#3475 = ORIENTED_EDGE ( 'NONE', *, *, #2857, .T. ) ;
#3476 = EDGE_CURVE ( 'NONE', #1603, #2937, #3500, .T. ) ;
#3477 = CYLINDRICAL_SURFACE ( 'NONE', #288, 0.1427165354330704461 ) ;
#3478 = ADVANCED_FACE ( 'NONE', ( #619 ), #379, .F. ) ;
#3479 = LENGTH_MEASURE_WITH_UNIT ( LENGTH_MEASURE( 0.02539999999999999897 ), #2613 );
#3480 = ADVANCED_FACE ( 'NONE', ( #1458 ), #2944, .F. ) ;
#3481 = ORIENTED_EDGE ( 'NONE', *, *, #640, .F. ) ;
#3482 = CARTESIAN_POINT ( 'NONE',  ( -0.08858267716535431213, -1.075665147505303242E-17, 23.03149606299213303 ) ) ;
#3483 = ORIENTED_EDGE ( 'NONE', *, *, #918, .T. ) ;
#3484 = COORDINATED_UNIVERSAL_TIME_OFFSET ( 5, 0, .BEHIND. ) ;
#3485 = CARTESIAN_POINT ( 'NONE',  ( 0.05905511811023622659, -0.4921259842519686289, 18.50393700787402906 ) ) ;
#3486 = CARTESIAN_POINT ( 'NONE',  ( 0.08858267716535445091, -0.4921259842519684624, 22.44094488188977721 ) ) ;
#3487 = VERTEX_POINT ( 'NONE', #657 ) ;
#3488 = FACE_OUTER_BOUND ( 'NONE', #1336, .T. ) ;
#3489 =( REPRESENTATION_RELATIONSHIP ('NONE','NONE', #65, #2371 ) REPRESENTATION_RELATIONSHIP_WITH_TRANSFORMATION ( #467 )SHAPE_REPRESENTATION_RELATIONSHIP( ) );
#3490 = DIRECTION ( 'NONE',  ( -0.000000000000000000, -0.000000000000000000, 1.000000000000000000 ) ) ;
#3491 = CARTESIAN_POINT ( 'NONE',  ( 0.05905511811023622659, -0.4921259842519686289, 1.181102362204712319 ) ) ;
#3492 = DIRECTION ( 'NONE',  ( 1.000000000000000000, 0.000000000000000000, 0.000000000000000000 ) ) ;
#3493 = EDGE_CURVE ( 'NONE', #1948, #3221, #1800, .T. ) ;
#3494 = AXIS2_PLACEMENT_3D ( 'NONE', #2907, #2069, #2121 ) ;
#3495 = DIRECTION ( 'NONE',  ( 0.9716901685583386739, -0.2362587910048377093, 0.000000000000000000 ) ) ;
#3496 = CARTESIAN_POINT ( 'NONE',  ( 0.1968503937007873850, -0.4921259842519684624, 19.68503937007874072 ) ) ;
#3497 = ITEM_DEFINED_TRANSFORMATION ( 'NONE', 'NONE', #2127,  #220 ) ;
#3498 = ORIENTED_EDGE ( 'NONE', *, *, #3413, .F. ) ;
#3499 = CALENDAR_DATE ( 2026, 1, 9 ) ;
#3500 = LINE ( 'NONE', #3185, #1328 ) ;
#3501 = LINE ( 'NONE', #3206, #1558 ) ;
#3502 = VERTEX_POINT ( 'NONE', #98 ) ;
#3503 = DIRECTION ( 'NONE',  ( -1.000000000000000000, 1.214306433183765213E-16, 0.000000000000000000 ) ) ;
#3504 = DIRECTION ( 'NONE',  ( -1.000000000000000000, 0.000000000000000000, -0.000000000000000000 ) ) ;
#3505 = CARTESIAN_POINT ( 'NONE',  ( -0.08858267716535414560, 0.4921259842519686289, 1.181102362204724310 ) ) ;
#3506 = VECTOR ( 'NONE', #784, 39.37007874015748143 ) ;
#3507 = CARTESIAN_POINT ( 'NONE',  ( -0.05905511811023622659, -0.4921259842519686289, 14.92125984251969584 ) ) ;
#3508 = CC_DESIGN_SECURITY_CLASSIFICATION ( #463, ( #3703 ) ) ;
#3509 = CARTESIAN_POINT ( 'NONE',  ( 0.000000000000000000, 0.000000000000000000, 0.000000000000000000 ) ) ;
#3510 = VERTEX_POINT ( 'NONE', #2600 ) ;
#3511 = CARTESIAN_POINT ( 'NONE',  ( 0.1968503937007873850, -0.4921259842519684624, 0.000000000000000000 ) ) ;
#3512 = CIRCLE ( 'NONE', #1297, 0.1427165354330696967 ) ;
#3513 = DIRECTION ( 'NONE',  ( -0.8146764464358299263, 0.5799157590742710644, -1.381409425086963931E-16 ) ) ;
#3514 = CIRCLE ( 'NONE', #2920, 0.1427165354330704461 ) ;
#3515 = DIRECTION ( 'NONE',  ( 1.000000000000000000, 0.000000000000000000, 0.000000000000000000 ) ) ;
#3516 = APPROVAL_STATUS ( 'not_yet_approved' ) ;
#3517 = ORIENTED_EDGE ( 'NONE', *, *, #809, .F. ) ;
#3518 = PERSON_AND_ORGANIZATION ( #2338, #2784 ) ;
#3519 = SECURITY_CLASSIFICATION ( '', '', #1813 ) ;
#3520 = DIRECTION ( 'NONE',  ( -1.000000000000000000, 0.000000000000000000, 0.000000000000000000 ) ) ;
#3521 = DIRECTION ( 'NONE',  ( 0.000000000000000000, 1.000000000000000000, 0.000000000000000000 ) ) ;
#3522 = ORIENTED_EDGE ( 'NONE', *, *, #2932, .F. ) ;
#3523 = CARTESIAN_POINT ( 'NONE',  ( -0.1968503937007874405, -0.4921259842519684624, 0.000000000000000000 ) ) ;
#3524 = LOCAL_TIME ( 9, 14, 3.000000000000000000, #1194 ) ;
#3525 = EDGE_CURVE ( 'NONE', #3425, #2184, #1232, .T. ) ;
#3526 = EDGE_CURVE ( 'NONE', #1867, #1004, #39, .T. ) ;
#3527 = DIRECTION ( 'NONE',  ( -1.000000000000000000, -1.214306433183765213E-16, -0.000000000000000000 ) ) ;
#3528 = VECTOR ( 'NONE', #3407, 39.37007874015748143 ) ;
#3529 = FACE_BOUND ( 'NONE', #3610, .T. ) ;
#3530 = LINE ( 'NONE', #3212, #2347 ) ;
#3531 = LINE ( 'NONE', #1278, #416 ) ;
#3532 = CARTESIAN_POINT ( 'NONE',  ( 0.000000000000000000, 0.000000000000000000, 0.3937007874015748254 ) ) ;
#3533 = EDGE_CURVE ( 'NONE', #1639, #2980, #411, .T. ) ;
#3534 = CARTESIAN_POINT ( 'NONE',  ( 42.83884055466327823, 23.33316998927804065, 50.30254482499758240 ) ) ;
#3535 = APPLICATION_CONTEXT ( 'configuration controlled 3d designs of mechanical parts and assemblies' ) ;
#3536 = CC_DESIGN_DATE_AND_TIME_ASSIGNMENT ( #24, #874, ( #3285 ) ) ;
#3537 = DIRECTION ( 'NONE',  ( 0.000000000000000000, 0.000000000000000000, -1.000000000000000000 ) ) ;
#3538 = CALENDAR_DATE ( 2026, 1, 9 ) ;
#3539 = PERSON_AND_ORGANIZATION_ROLE ( 'design_supplier' ) ;
#3540 = DIRECTION ( 'NONE',  ( 1.000000000000000000, -0.000000000000000000, 0.000000000000000000 ) ) ;
#3541 = EDGE_LOOP ( 'NONE', ( #3105, #3592 ) ) ;
#3542 = CIRCLE ( 'NONE', #1624, 0.1427165354330704461 ) ;
#3543 = CARTESIAN_POINT ( 'NONE',  ( 0.1968503937007873850, -6.829619984160658046E-16, 0.5905511811023627100 ) ) ;
#3544 = PRODUCT_DEFINITION ( 'UNKNOWN', '', #1646, #2493 ) ;
#3545 = CARTESIAN_POINT ( 'NONE',  ( -0.05905511811023622659, -0.4921259842519686289, 14.92125984251969584 ) ) ;
#3546 = CARTESIAN_POINT ( 'NONE',  ( 0.08858267716535431213, 0.4921259842519686289, 22.44094488188977721 ) ) ;
#3547 = CARTESIAN_POINT ( 'NONE',  ( 0.08858267716535454805, -2.737466480469794803E-15, 0.5905511811023671509 ) ) ;
#3548 = EDGE_CURVE ( 'NONE', #521, #1456, #135, .T. ) ;
#3549 = LINE ( 'NONE', #977, #2810 ) ;
#3550 = LINE ( 'NONE', #979, #1850 ) ;
#3551 = APPROVAL_STATUS ( 'not_yet_approved' ) ;
#3552 = CARTESIAN_POINT ( 'NONE',  ( 0.1968503937007873850, -1.814671019799547461E-15, 0.4478346456692930411 ) ) ;
#3553 = DATE_AND_TIME ( #2403, #2624 ) ;
#3554 = DIRECTION ( 'NONE',  ( 0.000000000000000000, 0.000000000000000000, 1.000000000000000000 ) ) ;
#3555 = EDGE_LOOP ( 'NONE', ( #212, #1293, #3386, #3379 ) ) ;
#3556 = ORIENTED_EDGE ( 'NONE', *, *, #1303, .F. ) ;
#3557 = DIRECTION ( 'NONE',  ( 0.000000000000000000, 0.000000000000000000, -1.000000000000000000 ) ) ;
#3558 = LOCAL_TIME ( 9, 14, 3.000000000000000000, #3309 ) ;
#3559 = CARTESIAN_POINT ( 'NONE',  ( -0.05905511811023622659, 0.4921259842519686289, 0.000000000000000000 ) ) ;
#3560 = DIRECTION ( 'NONE',  ( 0.000000000000000000, 0.000000000000000000, 1.000000000000000000 ) ) ;
#3561 = DIRECTION ( 'NONE',  ( -1.000000000000000000, 0.000000000000000000, 0.000000000000000000 ) ) ;
#3562 = DIRECTION ( 'NONE',  ( -1.000000000000000000, 0.000000000000000000, -0.000000000000000000 ) ) ;
#3563 = AXIS2_PLACEMENT_3D ( 'NONE', #3597, #744, #2770 ) ;
#3564 = PLANE ( 'NONE',  #3336 ) ;
#3565 = PRODUCT_DEFINITION_SHAPE ( 'NONE', 'NONE',  #3701 ) ;
#3566 = APPROVAL_PERSON_ORGANIZATION ( #2008, #1433, #3411 ) ;
#3567 = ORIENTED_EDGE ( 'NONE', *, *, #1339, .F. ) ;
#3568 = APPROVAL_ROLE ( '' ) ;
#3569 = VECTOR ( 'NONE', #1772, 39.37007874015748143 ) ;
#3570 = DATE_AND_TIME ( #2164, #2304 ) ;
#3571 = CARTESIAN_POINT ( 'NONE',  ( -0.08858267716535432601, 0.1427165354330680869, 0.5905511811023671509 ) ) ;
#3572 = EDGE_CURVE ( 'NONE', #3043, #2460, #1888, .T. ) ;
#3573 = ORIENTED_EDGE ( 'NONE', *, *, #2083, .F. ) ;
#3574 = EDGE_LOOP ( 'NONE', ( #3140, #3458, #1314, #2800 ) ) ;
#3575 = DIRECTION ( 'NONE',  ( 0.000000000000000000, 0.000000000000000000, -1.000000000000000000 ) ) ;
#3576 = AXIS2_PLACEMENT_3D ( 'NONE', #2051, #695, #2648 ) ;
#3577 = EDGE_CURVE ( 'NONE', #2896, #1955, #3149, .T. ) ;
#3578 = ORIENTED_EDGE ( 'NONE', *, *, #49, .T. ) ;
#3579 = EDGE_CURVE ( 'NONE', #1573, #3092, #2607, .T. ) ;
#3580 = CALENDAR_DATE ( 2026, 1, 9 ) ;
#3581 = EDGE_LOOP ( 'NONE', ( #2544, #3585, #3018, #768 ) ) ;
#3582 = CARTESIAN_POINT ( 'NONE',  ( 0.1968503937007873850, 8.878505979408855953E-16, 13.60629921259842590 ) ) ;
#3583 = PERSON_AND_ORGANIZATION ( #2338, #2784 ) ;
#3584 = CARTESIAN_POINT ( 'NONE',  ( 0.1968503937007873850, 9.053283327712363773E-16, 13.46358267716535551 ) ) ;
#3585 = ORIENTED_EDGE ( 'NONE', *, *, #3579, .F. ) ;
#3586 = APPROVAL ( #822, 'UNKNOWN' ) ;
#3587 = PLANE ( 'NONE',  #1553 ) ;
#3588 = CARTESIAN_POINT ( 'NONE',  ( -0.05905511811023622659, -0.4921259842519686289, 14.92125984251969584 ) ) ;
#3589 = AXIS2_PLACEMENT_3D ( 'NONE', #2108, #1564, #403 ) ;
#3590 = EDGE_LOOP ( 'NONE', ( #1167, #2957, #3308, #1615 ) ) ;
#3591 = AXIS2_PLACEMENT_3D ( 'NONE', #1922, #1710, #3066 ) ;
#3592 = ORIENTED_EDGE ( 'NONE', *, *, #1309, .T. ) ;
#3593 = CALENDAR_DATE ( 2026, 1, 9 ) ;
#3594 = EDGE_LOOP ( 'NONE', ( #1460, #22 ) ) ;
#3595 = EDGE_CURVE ( 'NONE', #543, #168, #1605, .T. ) ;
#3596 = ITEM_DEFINED_TRANSFORMATION ( 'NONE', 'NONE', #2249,  #220 ) ;
#3597 = CARTESIAN_POINT ( 'NONE',  ( -0.05905511811023620578, -1.832148754629898243E-15, 0.5905511811023627100 ) ) ;
#3598 = EDGE_CURVE ( 'NONE', #3277, #1611, #3293, .T. ) ;
#3599 = ORIENTED_EDGE ( 'NONE', *, *, #571, .T. ) ;
#3600 = CARTESIAN_POINT ( 'NONE',  ( 0.000000000000000000, 0.000000000000000000, 0.3937007874015748254 ) ) ;
#3601 = ORIENTED_EDGE ( 'NONE', *, *, #809, .T. ) ;
#3602 = CALENDAR_DATE ( 2026, 1, 9 ) ;
#3603 = AXIS2_PLACEMENT_3D ( 'NONE', #3582, #1030, #749 ) ;
#3604 = DIRECTION ( 'NONE',  ( 0.000000000000000000, 0.000000000000000000, 1.000000000000000000 ) ) ;
#3605 = CARTESIAN_POINT ( 'NONE',  ( 0.05905511811023622659, 0.4921259842519686289, 18.50393700787402906 ) ) ;
#3606 = ORIENTED_EDGE ( 'NONE', *, *, #1882, .F. ) ;
#3607 = LINE ( 'NONE', #3024, #2992 ) ;
#3608 = CARTESIAN_POINT ( 'NONE',  ( -0.05905511811023622659, 0.4921259842519686289, 0.000000000000000000 ) ) ;
#3609 = ORIENTED_EDGE ( 'NONE', *, *, #558, .F. ) ;
#3610 = EDGE_LOOP ( 'NONE', ( #2572, #1079 ) ) ;
#3611 = SECURITY_CLASSIFICATION_LEVEL ( 'unclassified' ) ;
#3612 = EDGE_CURVE ( 'NONE', #1253, #2778, #1851, .T. ) ;
#3613 = DATE_TIME_ROLE ( 'classification_date' ) ;
#3614 = CARTESIAN_POINT ( 'NONE',  ( -0.08858267716535431213, -2.758979783419901111E-15, 0.5905511811023671509 ) ) ;
#3615 = EDGE_LOOP ( 'NONE', ( #2019, #2079 ) ) ;
#3616 = CARTESIAN_POINT ( 'NONE',  ( -0.05905511811023620578, -1.832148754629898243E-15, 0.7332677165354325455 ) ) ;
#3617 = EDGE_LOOP ( 'NONE', ( #1695, #2261, #2899, #985, #2132, #1628, #2459, #3046, #41, #197, #2209, #2148 ) ) ;
#3618 = APPROVAL_STATUS ( 'not_yet_approved' ) ;
#3619 = VECTOR ( 'NONE', #1200, 39.37007874015748143 ) ;
#3620 = DIRECTION ( 'NONE',  ( 0.000000000000000000, 0.000000000000000000, 1.000000000000000000 ) ) ;
#3621 = DIRECTION ( 'NONE',  ( -0.000000000000000000, -0.000000000000000000, 1.000000000000000000 ) ) ;
#3622 = EDGE_LOOP ( 'NONE', ( #515, #2179, #2644, #2852 ) ) ;
#3623 = CARTESIAN_POINT ( 'NONE',  ( -0.1968503937007874405, -1.024442997624098658E-15, 0.5905511811023627100 ) ) ;
#3624 = DIRECTION ( 'NONE',  ( 0.000000000000000000, -0.000000000000000000, 1.000000000000000000 ) ) ;
#3625 = EDGE_CURVE ( 'NONE', #3640, #1621, #105, .T. ) ;
#3626 = ORIENTED_EDGE ( 'NONE', *, *, #1256, .F. ) ;
#3627 = PERSON_AND_ORGANIZATION ( #2338, #2784 ) ;
#3628 = CALENDAR_DATE ( 2026, 1, 9 ) ;
#3629 = VECTOR ( 'NONE', #1124, 39.37007874015748143 ) ;
#3630 = DIRECTION ( 'NONE',  ( 0.000000000000000000, 0.000000000000000000, -1.000000000000000000 ) ) ;
#3631 = ORIENTED_EDGE ( 'NONE', *, *, #2996, .F. ) ;
#3632 = CARTESIAN_POINT ( 'NONE',  ( 0.05905511811023622659, -0.4921259842519686289, 1.181102362204712319 ) ) ;
#3633 = EDGE_LOOP ( 'NONE', ( #1024, #472, #1853, #679 ) ) ;
#3634 = AXIS2_PLACEMENT_3D ( 'NONE', #1451, #3215, #313 ) ;
#3635 = PERSON_AND_ORGANIZATION_ROLE ( 'design_owner' ) ;
#3636 = DIRECTION ( 'NONE',  ( -0.000000000000000000, -1.000000000000000000, -0.000000000000000000 ) ) ;
#3637 = CARTESIAN_POINT ( 'NONE',  ( -0.1968503937007874405, 0.4921259842519686289, 19.68503937007874072 ) ) ;
#3638 = ORIENTED_EDGE ( 'NONE', *, *, #275, .F. ) ;
#3639 = CIRCLE ( 'NONE', #3455, 0.1377952755905511861 ) ;
#3640 = VERTEX_POINT ( 'NONE', #3571 ) ;
#3641 = EDGE_CURVE ( 'NONE', #2777, #614, #2420, .T. ) ;
#3642 = ADVANCED_FACE ( 'NONE', ( #2206 ), #3352, .F. ) ;
#3643 = CC_DESIGN_APPROVAL ( #1201, ( #831 ) ) ;
#3644 = DIRECTION ( 'NONE',  ( -1.000000000000000000, 0.000000000000000000, 0.000000000000000000 ) ) ;
#3645 = PERSON ( 'NAUO-PER12', 'UNSPECIFIED', 'UNSPECIFIED', ('UNSPECIFIED'), ('UNSPECIFIED'), ('UNSPECIFIED') ) ;
#3646 = FACE_OUTER_BOUND ( 'NONE', #1129, .T. ) ;
#3647 = LOCAL_TIME ( 9, 14, 3.000000000000000000, #3484 ) ;
#3648 = ORIENTED_EDGE ( 'NONE', *, *, #1313, .F. ) ;
#3649 = ORIENTED_EDGE ( 'NONE', *, *, #3133, .T. ) ;
#3650 = VECTOR ( 'NONE', #1903, 39.37007874015748143 ) ;
#3651 = CIRCLE ( 'NONE', #1435, 0.1427165354330704461 ) ;
#3652 = COORDINATED_UNIVERSAL_TIME_OFFSET ( 5, 0, .BEHIND. ) ;
#3653 = VECTOR ( 'NONE', #658, 39.37007874015748143 ) ;
#3654 = SHAPE_REPRESENTATION_RELATIONSHIP ( 'NONE' , 'NONE' ,  #2117, #2474 ) ;
#3655 = EDGE_LOOP ( 'NONE', ( #136, #1513, #1802, #1859 ) ) ;
#3656 = CARTESIAN_POINT ( 'NONE',  ( 0.05905511811023622659, 9.053283327712363773E-16, 13.46358267716535551 ) ) ;
#3657 = ORIENTED_EDGE ( 'NONE', *, *, #1357, .T. ) ;
#3658 = DATE_AND_TIME ( #3580, #1294 ) ;
#3659 = LINE ( 'NONE', #1089, #2765 ) ;
#3660 = DIRECTION ( 'NONE',  ( 0.000000000000000000, 0.000000000000000000, 1.000000000000000000 ) ) ;
#3661 = ORIENTED_EDGE ( 'NONE', *, *, #1528, .F. ) ;
#3662 = ORIENTED_EDGE ( 'NONE', *, *, #2134, .F. ) ;
#3663 = CC_DESIGN_PERSON_AND_ORGANIZATION_ASSIGNMENT ( #2170, #3042, ( #1464 ) ) ;
#3664 = DESIGN_CONTEXT ( 'detailed design', #2144, 'design' ) ;
#3665 = DIRECTION ( 'NONE',  ( -1.000000000000000000, 0.000000000000000000, 0.000000000000000000 ) ) ;
#3666 = DIRECTION ( 'NONE',  ( -0.000000000000000000, -0.000000000000000000, 1.000000000000000000 ) ) ;
#3667 = AXIS2_PLACEMENT_3D ( 'NONE', #2295, #826, #2530 ) ;
#3668 = ORIENTED_EDGE ( 'NONE', *, *, #204, .F. ) ;
#3669 = CIRCLE ( 'NONE', #613, 0.1427165354330708624 ) ;
#3670 = ORIENTED_EDGE ( 'NONE', *, *, #2502, .T. ) ;
#3671 = CARTESIAN_POINT ( 'NONE',  ( -0.05905511811023622659, -0.4921259842519686289, 1.181102362204712319 ) ) ;
#3672 = CONTEXT_DEPENDENT_SHAPE_REPRESENTATION ( #2007, #431 ) ;
#3673 = ORIENTED_EDGE ( 'NONE', *, *, #1648, .T. ) ;
#3674 = CALENDAR_DATE ( 2026, 1, 9 ) ;
#3675 = FACE_BOUND ( 'NONE', #2541, .T. ) ;
#3676 = DIRECTION ( 'NONE',  ( 0.000000000000000000, 0.000000000000000000, -1.000000000000000000 ) ) ;
#3677 = ORIENTED_EDGE ( 'NONE', *, *, #2951, .T. ) ;
#3678 = AXIS2_PLACEMENT_3D ( 'NONE', #2623, #2080, #1786 ) ;
#3679 = DIRECTION ( 'NONE',  ( -0.000000000000000000, -1.000000000000000000, -0.000000000000000000 ) ) ;
#3680 = FACE_BOUND ( 'NONE', #2597, .T. ) ;
#3681 = ORIENTED_EDGE ( 'NONE', *, *, #1877, .T. ) ;
#3682 = EDGE_CURVE ( 'NONE', #2364, #659, #221, .T. ) ;
#3683 = EDGE_CURVE ( 'NONE', #2824, #547, #1283, .T. ) ;
#3684 = VECTOR ( 'NONE', #1819, 39.37007874015748143 ) ;
#3685 = AXIS2_PLACEMENT_3D ( 'NONE', #3218, #2385, #2634 ) ;
#3686 = ORIENTED_EDGE ( 'NONE', *, *, #3493, .T. ) ;
#3687 = PERSON ( 'NAUO-PER10', 'UNSPECIFIED', 'UNSPECIFIED', ('UNSPECIFIED'), ('UNSPECIFIED'), ('UNSPECIFIED') ) ;
#3688 = PLANE ( 'NONE',  #2871 ) ;
#3689 = DATE_AND_TIME ( #1721, #352 ) ;
#3690 = SECURITY_CLASSIFICATION ( '', '', #1059 ) ;
#3691 = ADVANCED_FACE ( 'NONE', ( #430 ), #2183, .F. ) ;
#3692 = ORIENTED_EDGE ( 'NONE', *, *, #1168, .F. ) ;
#3693 = NEXT_ASSEMBLY_USAGE_OCCURRENCE ( 'NAUO1', ' ', ' ', #3544, #1588, $ ) ;
#3694 = NEXT_ASSEMBLY_USAGE_OCCURRENCE ( 'NAUO2', ' ', ' ', #3544, #2252, $ ) ;
#3695 = NEXT_ASSEMBLY_USAGE_OCCURRENCE ( 'NAUO3', ' ', ' ', #3544, #1588, $ ) ;
#3696 = NEXT_ASSEMBLY_USAGE_OCCURRENCE ( 'NAUO4', ' ', ' ', #3544, #2252, $ ) ;
#3697 = NEXT_ASSEMBLY_USAGE_OCCURRENCE ( 'NAUO5', ' ', ' ', #3544, #2915, $ ) ;
#3698 = NEXT_ASSEMBLY_USAGE_OCCURRENCE ( 'NAUO6', ' ', ' ', #3544, #2879, $ ) ;
#3699 = NEXT_ASSEMBLY_USAGE_OCCURRENCE ( 'NAUO7', ' ', ' ', #3544, #2879, $ ) ;
#3700 = NEXT_ASSEMBLY_USAGE_OCCURRENCE ( 'NAUO8', ' ', ' ', #3544, #2915, $ ) ;
#3701 = NEXT_ASSEMBLY_USAGE_OCCURRENCE ( 'NAUO9', ' ', ' ', #3544, #455, $ ) ;
#3702 = NEXT_ASSEMBLY_USAGE_OCCURRENCE ( 'NAUO10', ' ', ' ', #3544, #2252, $ ) ;
#3703 = NEXT_ASSEMBLY_USAGE_OCCURRENCE ( 'NAUO11', ' ', ' ', #3544, #2252, $ ) ;
#3704 = NEXT_ASSEMBLY_USAGE_OCCURRENCE ( 'NAUO12', ' ', ' ', #3544, #2252, $ ) ;
ENDSEC;
END-ISO-10303-21;
